CustomerID,Age,Gender,City,IncomeLevel,Occupation,LoyaltyMember,YearsAsCustomer,BrandFamiliarity
1,58,Male,Mumbai,Low,Freelancer,No,0,Low
2,23,Male,Hyderabad,Middle,Freelancer,Yes,2,Low
3,44,Male,Bengaluru,Low,Designer,No,0,High
4,39,Female,Mumbai,Low,Analyst,Yes,6,Low
5,40,Male,Kolkata,Middle,Engineer,No,0,Medium
6,53,Female,Hyderabad,Low,Engineer,No,0,High
7,20,Male,Mumbai,Middle,Designer,No,0,High
8,35,Female,Hyderabad,Middle,Doctor,No,0,Low
9,62,Male,Hyderabad,High,Manager,No,0,Medium
10,47,Male,Chennai,Middle,Student,No,0,Medium
11,32,Male,Hyderabad,High,Analyst,No,0,Medium
12,31,Male,Hyderabad,Middle,Freelancer,Yes,8,Low
13,52,Female,Chennai,Low,Teacher,No,0,High
14,26,Male,Bengaluru,Middle,Designer,Yes,1,High
15,56,Male,Mumbai,Low,Freelancer,Yes,8,Medium
16,35,Female,Delhi,Middle,Doctor,Yes,5,Medium
17,50,Female,Hyderabad,Middle,Manager,No,0,Low
18,41,Male,Chennai,Middle,Business,No,0,High
19,19,Male,Mumbai,Low,Engineer,Yes,5,Low
20,64,Male,Ahmedabad,Middle,Freelancer,Yes,9,High
21,28,Male,Hyderabad,Low,Doctor,No,0,Medium
22,43,Female,Mumbai,High,Teacher,No,0,Medium
23,32,Male,Delhi,Low,Engineer,Yes,9,Low
24,63,Male,Hyderabad,Middle,Doctor,Yes,1,High
25,60,Female,Hyderabad,Middle,Business,No,0,Medium
26,44,Female,Ahmedabad,Low,Student,Yes,7,Medium
27,61,Female,Mumbai,Middle,Teacher,No,0,Low
28,30,Female,Hyderabad,Low,Engineer,Yes,7,Low
29,46,Male,Mumbai,High,Teacher,No,0,Low
30,28,Male,Bengaluru,Middle,Designer,No,0,High
31,18,Female,Bengaluru,High,Teacher,Yes,8,Low
32,36,Female,Delhi,Low,Student,Yes,9,Low
33,55,Male,Mumbai,Middle,Manager,No,0,Medium
34,22,Male,Hyderabad,Middle,Student,No,0,Low
35,57,Female,Pune,Low,Teacher,No,0,Medium
36,60,Female,Ahmedabad,Middle,Analyst,Yes,7,Low
37,22,Male,Mumbai,Low,Freelancer,No,0,Medium
38,31,Male,Chennai,Middle,Doctor,Yes,6,High
39,28,Male,Pune,Middle,Engineer,No,0,Medium
40,26,Male,Pune,Low,Doctor,No,0,Medium
41,56,Female,Delhi,Low,Engineer,Yes,5,Medium
42,58,Male,Pune,Middle,Manager,Yes,1,Medium
43,65,Male,Mumbai,Middle,Manager,No,0,Medium
44,52,Male,Delhi,Low,Doctor,Yes,9,Low
45,41,Female,Hyderabad,High,Teacher,No,0,High
46,60,Female,Bengaluru,Low,Teacher,No,0,High
47,28,Male,Bengaluru,High,Analyst,No,0,High
48,44,Female,Bengaluru,High,Engineer,No,0,High
49,42,Female,Chennai,High,Doctor,No,0,Low
50,32,Female,Mumbai,Low,Doctor,No,0,Medium
51,40,Male,Mumbai,Middle,Doctor,Yes,9,Medium
52,29,Female,Chennai,Middle,Analyst,No,0,Low
53,45,Male,Pune,Middle,Student,No,0,Medium
54,63,Male,Chennai,Middle,Designer,No,0,High
55,22,Male,Pune,High,Freelancer,No,0,Medium
56,37,Male,Kolkata,Middle,Designer,Yes,5,Medium
57,61,Male,Pune,Middle,Doctor,Yes,10,Medium
58,31,Female,Ahmedabad,Middle,Business,No,0,Medium
59,61,Male,Mumbai,Low,Doctor,No,0,High
60,50,Male,Pune,Middle,Teacher,No,0,Low
61,30,Male,Ahmedabad,Low,Designer,Yes,8,Medium
62,58,Female,Hyderabad,Middle,Manager,No,0,Medium
63,59,Male,Kolkata,Middle,Teacher,No,0,High
64,29,Male,Mumbai,High,Business,No,0,Medium
65,26,Female,Ahmedabad,High,Freelancer,No,0,High
66,45,Female,Ahmedabad,High,Doctor,No,0,High
67,33,Male,Pune,High,Business,Yes,9,Medium
68,22,Male,Bengaluru,Middle,Manager,Yes,6,Medium
69,32,Female,Chennai,Middle,Freelancer,Yes,4,Low
70,47,Male,Kolkata,Middle,Business,Yes,7,Medium
71,18,Female,Hyderabad,High,Business,Yes,7,High
72,32,Female,Bengaluru,Low,Business,No,0,Medium
73,26,Male,Mumbai,High,Designer,No,0,High
74,26,Male,Ahmedabad,High,Analyst,Yes,5,Medium
75,39,Male,Ahmedabad,Middle,Student,Yes,7,Low
76,65,Male,Delhi,Middle,Student,No,0,Medium
77,33,Female,Mumbai,Low,Teacher,Yes,3,Low
78,47,Male,Bengaluru,Middle,Doctor,No,0,Low
79,24,Female,Kolkata,Middle,Teacher,No,0,Medium
80,22,Female,Mumbai,Middle,Student,No,0,Low
81,40,Female,Delhi,Middle,Designer,No,0,Low
82,49,Female,Bengaluru,Low,Designer,No,0,Medium
83,29,Female,Ahmedabad,Middle,Designer,No,0,Low
84,64,Male,Pune,Middle,Business,Yes,4,High
85,33,Female,Delhi,Middle,Business,No,0,Medium
86,38,Female,Delhi,Low,Freelancer,Yes,5,Medium
87,30,Male,Ahmedabad,Low,Business,No,0,Medium
88,46,Male,Pune,Middle,Analyst,Yes,4,Medium
89,48,Female,Pune,Middle,Doctor,Yes,9,Medium
90,34,Male,Hyderabad,Low,Teacher,No,0,Medium
91,65,Female,Mumbai,Middle,Teacher,No,0,High
92,36,Male,Pune,Low,Student,Yes,1,Medium
93,21,Female,Mumbai,Middle,Student,No,0,Low
94,54,Male,Pune,Low,Business,No,0,Medium
95,25,Male,Bengaluru,High,Manager,Yes,2,Medium
96,54,Female,Hyderabad,High,Freelancer,Yes,4,Low
97,42,Female,Delhi,Middle,Engineer,Yes,10,High
98,31,Male,Mumbai,Middle,Manager,Yes,2,Low
99,18,Male,Hyderabad,Middle,Doctor,No,0,Medium
100,63,Male,Pune,Low,Teacher,No,0,Low
101,45,Male,Mumbai,Low,Student,Yes,3,High
102,28,Female,Ahmedabad,Middle,Engineer,No,0,High
103,47,Female,Ahmedabad,Middle,Engineer,No,0,High
104,56,Male,Mumbai,Low,Teacher,Yes,6,Medium
105,61,Female,Delhi,High,Manager,No,0,High
106,48,Female,Ahmedabad,Middle,Engineer,Yes,5,Low
107,48,Female,Kolkata,Low,Business,Yes,2,High
108,36,Male,Chennai,Middle,Doctor,Yes,9,Low
109,38,Male,Ahmedabad,Low,Designer,No,0,High
110,21,Male,Hyderabad,Low,Doctor,Yes,8,Medium
111,53,Male,Bengaluru,Low,Doctor,Yes,8,Low
112,53,Male,Ahmedabad,Low,Engineer,Yes,4,High
113,59,Female,Kolkata,High,Business,No,0,Medium
114,48,Male,Mumbai,Low,Doctor,No,0,Medium
115,44,Male,Pune,Low,Doctor,No,0,Low
116,55,Female,Ahmedabad,Middle,Analyst,No,0,High
117,39,Female,Hyderabad,Middle,Teacher,No,0,Medium
118,54,Female,Ahmedabad,Middle,Designer,No,0,Medium
119,42,Male,Ahmedabad,High,Student,No,0,Medium
120,26,Female,Mumbai,Middle,Freelancer,No,0,High
121,47,Female,Chennai,Low,Designer,Yes,3,Low
122,59,Female,Ahmedabad,Low,Freelancer,Yes,9,Medium
123,20,Male,Kolkata,Middle,Engineer,Yes,5,High
124,58,Male,Delhi,Middle,Analyst,Yes,3,Medium
125,21,Female,Bengaluru,Low,Manager,Yes,3,Low
126,29,Male,Ahmedabad,Low,Manager,No,0,Medium
127,32,Female,Pune,Middle,Freelancer,Yes,5,Medium
128,28,Female,Kolkata,Low,Doctor,No,0,High
129,47,Male,Hyderabad,High,Designer,Yes,7,High
130,54,Female,Pune,Middle,Student,Yes,5,Low
131,54,Female,Pune,High,Teacher,No,0,High
132,56,Male,Mumbai,High,Student,Yes,4,Medium
133,37,Male,Pune,Middle,Analyst,Yes,6,Medium
134,65,Female,Pune,Middle,Manager,Yes,9,High
135,34,Female,Chennai,High,Engineer,No,0,High
136,47,Female,Chennai,High,Engineer,Yes,4,High
137,43,Female,Kolkata,Low,Analyst,No,0,Medium
138,24,Female,Hyderabad,Middle,Engineer,No,0,Medium
139,58,Female,Mumbai,High,Manager,No,0,Medium
140,20,Male,Bengaluru,High,Designer,Yes,8,Low
141,47,Female,Bengaluru,Middle,Designer,No,0,Medium
142,59,Female,Delhi,Low,Analyst,No,0,Medium
143,31,Male,Chennai,Middle,Freelancer,No,0,High
144,59,Female,Mumbai,Middle,Teacher,Yes,4,High
145,59,Female,Hyderabad,Middle,Manager,No,0,Low
146,54,Male,Hyderabad,Low,Analyst,No,0,Medium
147,27,Male,Bengaluru,Middle,Freelancer,No,0,Low
148,34,Female,Hyderabad,Middle,Analyst,Yes,1,Low
149,19,Male,Ahmedabad,Low,Business,Yes,7,Medium
150,41,Male,Pune,Middle,Business,Yes,9,Low
151,59,Female,Mumbai,High,Business,Yes,8,High
152,63,Male,Mumbai,High,Manager,Yes,2,Medium
153,35,Female,Pune,Middle,Business,No,0,Medium
154,50,Male,Kolkata,Middle,Business,Yes,2,High
155,32,Male,Chennai,Middle,Designer,No,0,Medium
156,38,Female,Mumbai,Middle,Engineer,Yes,3,Medium
157,23,Male,Chennai,Low,Engineer,Yes,6,High
158,44,Male,Pune,Middle,Doctor,No,0,High
159,40,Female,Hyderabad,Low,Engineer,No,0,Low
160,40,Female,Delhi,High,Doctor,Yes,5,Medium
161,19,Female,Chennai,Low,Student,No,0,Medium
162,29,Male,Delhi,High,Engineer,No,0,Medium
163,65,Female,Pune,Middle,Analyst,Yes,8,Medium
164,54,Male,Mumbai,Middle,Doctor,No,0,Low
165,46,Female,Hyderabad,Middle,Freelancer,No,0,Medium
166,25,Female,Delhi,Low,Teacher,Yes,10,Medium
167,43,Male,Bengaluru,High,Doctor,Yes,4,Medium
168,36,Female,Hyderabad,Low,Freelancer,Yes,7,Low
169,53,Male,Kolkata,High,Student,No,0,Low
170,47,Female,Kolkata,High,Doctor,No,0,Medium
171,25,Female,Chennai,Middle,Engineer,No,0,Low
172,45,Male,Kolkata,High,Doctor,Yes,10,Medium
173,65,Male,Hyderabad,Low,Analyst,Yes,3,Low
174,40,Male,Mumbai,Middle,Manager,No,0,High
175,34,Male,Bengaluru,Low,Business,No,0,High
176,47,Female,Chennai,Middle,Manager,No,0,Medium
177,46,Male,Chennai,Low,Freelancer,Yes,5,High
178,22,Female,Mumbai,Low,Engineer,No,0,Low
179,57,Male,Ahmedabad,Middle,Teacher,Yes,10,Medium
180,38,Female,Mumbai,Middle,Analyst,No,0,High
181,63,Female,Ahmedabad,Low,Freelancer,No,0,Low
182,51,Female,Delhi,Middle,Analyst,Yes,5,Medium
183,22,Female,Bengaluru,Low,Analyst,No,0,Medium
184,23,Female,Bengaluru,Middle,Engineer,Yes,6,Medium
185,37,Male,Mumbai,Middle,Designer,No,0,Medium
186,50,Female,Ahmedabad,Middle,Teacher,Yes,3,High
187,32,Male,Delhi,High,Analyst,Yes,5,High
188,57,Male,Ahmedabad,Low,Student,Yes,3,Low
189,44,Female,Ahmedabad,Middle,Teacher,No,0,High
190,52,Male,Chennai,Low,Business,No,0,High
191,47,Female,Bengaluru,Middle,Teacher,No,0,Medium
192,56,Male,Mumbai,Low,Doctor,Yes,8,High
193,23,Female,Mumbai,Middle,Teacher,Yes,9,Low
194,46,Female,Chennai,High,Teacher,No,0,Medium
195,42,Male,Chennai,High,Manager,Yes,1,Medium
196,26,Male,Ahmedabad,Low,Business,No,0,Medium
197,57,Male,Kolkata,Low,Engineer,Yes,5,Low
198,36,Female,Mumbai,Low,Engineer,Yes,4,Medium
199,49,Male,Pune,Middle,Designer,Yes,9,Medium
200,18,Male,Chennai,Middle,Engineer,Yes,7,Low
201,51,Male,Kolkata,Middle,Business,No,0,Medium
202,20,Male,Chennai,Middle,Engineer,No,0,Low
203,40,Female,Bengaluru,Low,Student,No,0,Low
204,40,Female,Ahmedabad,Middle,Manager,No,0,Low
205,26,Female,Hyderabad,Low,Student,No,0,Medium
206,30,Female,Pune,High,Student,Yes,5,Medium
207,59,Female,Pune,Low,Engineer,Yes,1,High
208,41,Female,Chennai,Middle,Manager,Yes,8,High
209,49,Male,Kolkata,Middle,Engineer,Yes,9,Low
210,45,Female,Mumbai,Middle,Engineer,No,0,Medium
211,38,Male,Ahmedabad,Middle,Analyst,Yes,10,Medium
212,46,Female,Pune,Low,Student,No,0,Medium
213,22,Male,Delhi,Middle,Manager,Yes,9,High
214,56,Female,Chennai,Middle,Designer,Yes,3,Low
215,54,Female,Ahmedabad,Low,Engineer,Yes,8,High
216,54,Male,Mumbai,Low,Student,Yes,6,Medium
217,65,Male,Pune,Low,Doctor,No,0,High
218,63,Female,Hyderabad,Middle,Engineer,No,0,Low
219,26,Female,Mumbai,High,Analyst,No,0,High
220,60,Female,Bengaluru,Low,Manager,Yes,9,Low
221,41,Male,Ahmedabad,Middle,Student,Yes,4,High
222,41,Male,Mumbai,Middle,Doctor,Yes,9,Low
223,43,Female,Mumbai,High,Manager,No,0,Medium
224,38,Male,Bengaluru,Middle,Designer,Yes,9,Medium
225,50,Female,Bengaluru,High,Manager,Yes,2,Medium
226,38,Male,Pune,High,Teacher,Yes,9,High
227,58,Male,Bengaluru,High,Manager,Yes,5,Medium
228,28,Male,Delhi,Middle,Engineer,No,0,Medium
229,20,Male,Kolkata,High,Student,No,0,Low
230,49,Female,Ahmedabad,High,Teacher,No,0,Medium
231,61,Male,Ahmedabad,Middle,Designer,No,0,Medium
232,48,Female,Chennai,Middle,Designer,Yes,3,Medium
233,26,Male,Ahmedabad,Middle,Engineer,No,0,Low
234,35,Female,Kolkata,Middle,Teacher,Yes,1,Low
235,28,Male,Bengaluru,High,Business,No,0,Medium
236,50,Male,Kolkata,Middle,Freelancer,No,0,Medium
237,47,Female,Ahmedabad,High,Business,Yes,6,Low
238,36,Female,Chennai,Middle,Designer,No,0,Medium
239,41,Female,Mumbai,Low,Designer,Yes,9,Low
240,50,Male,Bengaluru,Middle,Engineer,No,0,High
241,43,Female,Bengaluru,Middle,Teacher,No,0,Medium
242,56,Male,Chennai,Middle,Business,No,0,Low
243,51,Female,Chennai,Middle,Manager,No,0,Medium
244,43,Female,Ahmedabad,High,Doctor,No,0,Low
245,48,Female,Delhi,High,Business,Yes,2,High
246,34,Male,Delhi,High,Business,No,0,High
247,28,Female,Bengaluru,Middle,Teacher,No,0,High
248,20,Female,Chennai,Middle,Designer,No,0,Low
249,27,Female,Delhi,Middle,Manager,Yes,9,High
250,51,Female,Bengaluru,Low,Business,Yes,8,Medium
251,52,Male,Hyderabad,Low,Doctor,Yes,5,Medium
252,53,Female,Hyderabad,Low,Business,No,0,High
253,38,Female,Pune,Middle,Engineer,No,0,High
254,54,Male,Pune,Middle,Student,Yes,7,High
255,36,Female,Hyderabad,High,Teacher,Yes,8,Medium
256,52,Male,Hyderabad,Low,Teacher,No,0,Low
257,21,Male,Mumbai,Middle,Designer,No,0,Medium
258,39,Male,Kolkata,Middle,Business,Yes,3,Low
259,48,Female,Delhi,Middle,Engineer,No,0,Low
260,59,Male,Bengaluru,Middle,Designer,No,0,Medium
261,29,Male,Pune,High,Student,Yes,7,High
262,18,Female,Pune,Low,Business,No,0,High
263,59,Female,Pune,Middle,Teacher,No,0,High
264,25,Male,Delhi,Low,Analyst,No,0,Medium
265,36,Female,Kolkata,Middle,Freelancer,No,0,Low
266,38,Male,Ahmedabad,Low,Analyst,No,0,Low
267,33,Female,Pune,Low,Student,Yes,8,High
268,34,Male,Ahmedabad,Middle,Doctor,No,0,Low
269,28,Female,Mumbai,Middle,Doctor,No,0,High
270,41,Female,Chennai,Middle,Designer,Yes,3,Medium
271,62,Male,Hyderabad,Middle,Engineer,No,0,Medium
272,51,Male,Delhi,Middle,Freelancer,No,0,Low
273,50,Female,Mumbai,Low,Teacher,No,0,Low
274,63,Male,Ahmedabad,Middle,Manager,Yes,9,Medium
275,50,Female,Delhi,Middle,Designer,No,0,Medium
276,34,Male,Kolkata,High,Analyst,No,0,Medium
277,62,Male,Ahmedabad,Low,Student,No,0,High
278,36,Female,Chennai,Middle,Designer,No,0,High
279,46,Male,Chennai,High,Engineer,No,0,Medium
280,29,Male,Delhi,High,Student,Yes,3,Medium
281,37,Female,Hyderabad,Middle,Teacher,No,0,Medium
282,47,Female,Delhi,Low,Teacher,Yes,2,Low
283,31,Male,Hyderabad,Low,Student,No,0,Medium
284,43,Male,Bengaluru,Middle,Freelancer,No,0,High
285,36,Female,Hyderabad,Low,Doctor,No,0,Medium
286,27,Female,Delhi,High,Freelancer,No,0,Medium
287,55,Female,Ahmedabad,High,Student,No,0,Medium
288,40,Female,Kolkata,High,Designer,No,0,High
289,27,Male,Pune,Low,Manager,Yes,9,Medium
290,47,Male,Kolkata,High,Teacher,No,0,High
291,34,Female,Mumbai,Low,Freelancer,No,0,High
292,64,Male,Mumbai,High,Teacher,Yes,7,Medium
293,55,Female,Pune,Middle,Student,No,0,Medium
294,31,Female,Hyderabad,High,Teacher,No,0,Low
295,43,Female,Ahmedabad,High,Freelancer,No,0,High
296,59,Female,Mumbai,Middle,Business,Yes,9,High
297,38,Male,Bengaluru,High,Student,Yes,7,Low
298,34,Female,Bengaluru,Middle,Teacher,No,0,Medium
299,39,Female,Pune,Low,Business,No,0,Low
300,64,Female,Bengaluru,Middle,Manager,No,0,Low
301,64,Male,Delhi,Middle,Engineer,Yes,9,High
302,60,Male,Mumbai,Low,Manager,Yes,3,High
303,18,Female,Ahmedabad,Low,Student,No,0,Low
304,18,Female,Pune,Middle,Student,Yes,1,Medium
305,50,Male,Mumbai,High,Engineer,No,0,High
306,51,Female,Pune,Low,Designer,Yes,9,Low
307,23,Male,Pune,Middle,Engineer,Yes,10,Low
308,59,Female,Kolkata,High,Designer,No,0,Low
309,53,Male,Ahmedabad,Middle,Designer,No,0,Medium
310,59,Male,Delhi,Middle,Teacher,No,0,High
311,31,Female,Delhi,High,Engineer,No,0,Medium
312,61,Male,Bengaluru,High,Analyst,No,0,Medium
313,19,Female,Mumbai,High,Doctor,No,0,High
314,28,Female,Kolkata,Middle,Manager,No,0,High
315,62,Male,Mumbai,Middle,Designer,No,0,High
316,32,Female,Chennai,High,Student,Yes,10,High
317,58,Female,Kolkata,Low,Designer,No,0,Medium
318,29,Female,Hyderabad,Middle,Engineer,No,0,Low
319,23,Female,Chennai,Low,Engineer,Yes,3,Medium
320,23,Male,Bengaluru,Low,Engineer,Yes,6,High
321,29,Male,Delhi,Middle,Engineer,No,0,Medium
322,40,Female,Delhi,Middle,Doctor,No,0,High
323,44,Male,Bengaluru,Middle,Designer,Yes,9,High
324,28,Male,Kolkata,Low,Doctor,Yes,8,Low
325,44,Male,Ahmedabad,Low,Teacher,No,0,Medium
326,47,Female,Chennai,Low,Business,Yes,7,Medium
327,39,Male,Pune,Middle,Analyst,No,0,Medium
328,56,Female,Chennai,High,Doctor,Yes,6,Low
329,65,Male,Chennai,Middle,Designer,No,0,Medium
330,35,Male,Bengaluru,High,Freelancer,Yes,2,High
331,19,Female,Pune,High,Engineer,No,0,Medium
332,44,Male,Kolkata,Middle,Designer,Yes,5,Low
333,22,Female,Delhi,Middle,Analyst,No,0,Medium
334,62,Male,Mumbai,High,Teacher,No,0,Medium
335,60,Female,Chennai,Middle,Designer,Yes,10,Low
336,24,Male,Ahmedabad,Low,Analyst,Yes,9,Medium
337,43,Male,Chennai,Middle,Student,No,0,Medium
338,48,Male,Chennai,Low,Doctor,Yes,2,Low
339,39,Male,Ahmedabad,Middle,Business,Yes,8,Medium
340,38,Female,Mumbai,Low,Manager,Yes,2,Low
341,65,Female,Ahmedabad,Low,Teacher,Yes,3,Medium
342,43,Male,Ahmedabad,Middle,Designer,Yes,7,Medium
343,42,Male,Mumbai,Low,Freelancer,Yes,5,High
344,29,Female,Chennai,Middle,Designer,Yes,2,Low
345,57,Male,Pune,Middle,Engineer,Yes,6,High
346,61,Female,Bengaluru,Low,Freelancer,Yes,5,Low
347,42,Female,Bengaluru,Middle,Freelancer,Yes,7,Medium
348,28,Male,Chennai,Middle,Student,Yes,6,High
349,49,Female,Kolkata,Low,Business,No,0,High
350,44,Male,Hyderabad,Middle,Doctor,Yes,3,Low
351,20,Female,Ahmedabad,Low,Freelancer,No,0,Low
352,50,Female,Delhi,Low,Business,Yes,9,High
353,52,Male,Ahmedabad,Low,Doctor,Yes,4,Low
354,40,Male,Hyderabad,High,Analyst,Yes,2,High
355,63,Male,Hyderabad,Middle,Student,Yes,10,Low
356,54,Female,Pune,Middle,Doctor,Yes,9,Low
357,50,Female,Delhi,High,Doctor,No,0,Low
358,59,Female,Hyderabad,Low,Designer,No,0,Low
359,49,Female,Ahmedabad,Low,Engineer,No,0,Medium
360,58,Female,Chennai,Middle,Business,No,0,Medium
361,49,Female,Chennai,Low,Engineer,Yes,2,Medium
362,52,Female,Pune,Middle,Analyst,No,0,High
363,36,Female,Chennai,Low,Student,No,0,Medium
364,20,Male,Bengaluru,Low,Business,No,0,Medium
365,47,Male,Pune,Low,Manager,No,0,Low
366,35,Male,Delhi,Low,Designer,Yes,2,Medium
367,58,Male,Mumbai,Low,Student,No,0,Low
368,31,Female,Delhi,Middle,Student,Yes,4,Medium
369,62,Female,Mumbai,Low,Teacher,Yes,7,Medium
370,42,Female,Pune,Low,Manager,No,0,Low
371,42,Male,Mumbai,Middle,Freelancer,No,0,Low
372,54,Male,Bengaluru,Low,Designer,No,0,Medium
373,57,Male,Bengaluru,Middle,Engineer,No,0,Low
374,55,Male,Hyderabad,Middle,Doctor,Yes,7,Medium
375,59,Female,Delhi,Low,Doctor,No,0,Medium
376,31,Female,Delhi,Middle,Teacher,No,0,Medium
377,49,Male,Chennai,Middle,Analyst,Yes,10,Low
378,26,Male,Ahmedabad,Middle,Engineer,No,0,Medium
379,19,Male,Kolkata,Middle,Freelancer,Yes,4,Low
380,36,Female,Mumbai,Middle,Freelancer,No,0,Medium
381,52,Male,Bengaluru,Middle,Freelancer,Yes,5,Low
382,38,Male,Pune,Middle,Designer,No,0,High
383,64,Female,Mumbai,High,Business,Yes,4,Low
384,57,Male,Delhi,Middle,Manager,Yes,3,Low
385,49,Female,Bengaluru,High,Analyst,No,0,High
386,26,Male,Delhi,Middle,Analyst,No,0,Medium
387,45,Female,Ahmedabad,Low,Freelancer,Yes,10,Medium
388,41,Male,Pune,Low,Engineer,No,0,Low
389,54,Male,Hyderabad,Middle,Student,Yes,9,Low
390,48,Male,Kolkata,Middle,Teacher,No,0,Low
391,38,Male,Chennai,Low,Engineer,No,0,Medium
392,50,Male,Kolkata,Middle,Engineer,Yes,4,High
393,47,Male,Ahmedabad,High,Student,No,0,Medium
394,41,Male,Ahmedabad,Low,Analyst,No,0,Medium
395,55,Male,Bengaluru,High,Student,No,0,High
396,44,Male,Chennai,Low,Student,No,0,Medium
397,60,Male,Hyderabad,Middle,Designer,No,0,Medium
398,49,Female,Mumbai,High,Student,No,0,Low
399,32,Female,Ahmedabad,High,Engineer,No,0,Medium
400,55,Male,Kolkata,Low,Manager,Yes,7,Low
401,33,Female,Chennai,Low,Analyst,No,0,High
402,46,Male,Bengaluru,Low,Engineer,Yes,4,Low
403,28,Male,Ahmedabad,Middle,Doctor,Yes,2,Medium
404,47,Female,Delhi,Low,Teacher,Yes,3,High
405,38,Female,Delhi,Low,Doctor,No,0,High
406,34,Male,Mumbai,High,Business,Yes,7,High
407,24,Male,Bengaluru,High,Teacher,Yes,1,Low
408,43,Female,Mumbai,Middle,Student,No,0,Medium
409,22,Male,Chennai,Low,Engineer,No,0,High
410,20,Female,Ahmedabad,High,Student,Yes,10,Medium
411,42,Female,Pune,Middle,Business,Yes,4,High
412,27,Female,Ahmedabad,Low,Designer,No,0,Low
413,53,Male,Hyderabad,Middle,Freelancer,Yes,7,Low
414,19,Female,Chennai,High,Freelancer,No,0,Medium
415,38,Male,Pune,Middle,Student,Yes,6,Medium
416,48,Male,Mumbai,Middle,Teacher,No,0,High
417,60,Male,Hyderabad,Low,Designer,No,0,High
418,40,Male,Chennai,High,Analyst,No,0,Low
419,55,Male,Hyderabad,Low,Business,No,0,High
420,52,Male,Hyderabad,Low,Student,No,0,Low
421,51,Male,Chennai,Middle,Manager,Yes,10,Low
422,38,Female,Mumbai,Low,Analyst,Yes,3,High
423,63,Female,Bengaluru,High,Manager,Yes,2,Medium
424,64,Female,Bengaluru,High,Freelancer,No,0,High
425,62,Male,Kolkata,High,Doctor,No,0,Medium
426,64,Female,Delhi,Middle,Manager,Yes,1,High
427,56,Male,Ahmedabad,Low,Manager,No,0,Medium
428,39,Male,Chennai,Middle,Business,Yes,6,Low
429,18,Male,Delhi,Low,Student,Yes,2,Medium
430,42,Female,Kolkata,Middle,Analyst,Yes,3,High
431,52,Male,Bengaluru,Middle,Business,No,0,High
432,22,Male,Mumbai,Middle,Analyst,Yes,1,Medium
433,28,Male,Chennai,High,Business,Yes,2,Medium
434,63,Female,Bengaluru,Low,Student,No,0,Low
435,24,Female,Pune,Low,Doctor,No,0,Medium
436,33,Male,Delhi,Low,Analyst,Yes,9,High
437,18,Male,Delhi,Middle,Teacher,Yes,10,Medium
438,28,Male,Pune,Middle,Designer,No,0,Medium
439,48,Female,Bengaluru,Middle,Analyst,No,0,Low
440,42,Female,Hyderabad,Middle,Doctor,Yes,5,Medium
441,54,Male,Chennai,Low,Freelancer,No,0,Medium
442,44,Female,Kolkata,High,Freelancer,No,0,Medium
443,61,Female,Pune,High,Engineer,No,0,High
444,43,Male,Mumbai,High,Business,No,0,Medium
445,29,Male,Delhi,High,Designer,Yes,4,High
446,23,Female,Chennai,High,Engineer,Yes,3,High
447,23,Female,Delhi,Middle,Freelancer,Yes,6,High
448,44,Male,Mumbai,Low,Engineer,Yes,10,Medium
449,36,Female,Kolkata,High,Business,No,0,High
450,54,Female,Delhi,Middle,Designer,Yes,5,Medium
451,39,Female,Delhi,Middle,Analyst,Yes,8,High
452,37,Male,Hyderabad,Low,Manager,No,0,High
453,37,Female,Mumbai,High,Teacher,Yes,6,Low
454,46,Female,Delhi,Low,Freelancer,No,0,Medium
455,28,Male,Bengaluru,Low,Teacher,No,0,Medium
456,30,Female,Hyderabad,High,Doctor,Yes,8,Low
457,41,Male,Delhi,High,Teacher,No,0,Medium
458,41,Female,Chennai,Middle,Manager,Yes,8,Medium
459,34,Female,Delhi,Middle,Manager,No,0,Low
460,54,Male,Pune,Middle,Designer,Yes,4,Medium
461,50,Male,Ahmedabad,Low,Manager,No,0,High
462,59,Female,Pune,Low,Designer,No,0,Low
463,42,Female,Kolkata,High,Engineer,No,0,Low
464,18,Female,Pune,Middle,Doctor,No,0,High
465,61,Female,Pune,Low,Doctor,Yes,5,Medium
466,30,Female,Chennai,Low,Manager,No,0,High
467,64,Female,Kolkata,Low,Designer,No,0,Low
468,65,Male,Chennai,Low,Teacher,No,0,Medium
469,61,Female,Pune,Middle,Manager,No,0,High
470,60,Female,Bengaluru,High,Analyst,Yes,2,Medium
471,59,Female,Chennai,Low,Doctor,Yes,5,Medium
472,55,Male,Ahmedabad,Low,Teacher,No,0,Medium
473,50,Female,Delhi,Low,Manager,No,0,Medium
474,26,Female,Bengaluru,High,Analyst,Yes,10,High
475,63,Male,Chennai,Low,Student,Yes,6,Medium
476,18,Male,Ahmedabad,Middle,Engineer,Yes,3,Medium
477,26,Female,Kolkata,Middle,Student,No,0,Medium
478,20,Female,Hyderabad,Middle,Student,No,0,High
479,61,Female,Pune,Low,Manager,No,0,Low
480,24,Male,Pune,Middle,Doctor,No,0,Low
481,47,Male,Chennai,Middle,Business,No,0,Medium
482,40,Male,Bengaluru,Middle,Teacher,Yes,7,Low
483,64,Male,Kolkata,Low,Doctor,No,0,Low
484,52,Male,Delhi,Middle,Student,No,0,Low
485,62,Female,Bengaluru,Low,Teacher,Yes,2,Medium
486,62,Female,Bengaluru,Middle,Designer,Yes,7,Medium
487,24,Male,Ahmedabad,Middle,Teacher,No,0,Low
488,56,Female,Kolkata,Low,Doctor,Yes,9,High
489,28,Female,Chennai,Low,Teacher,No,0,Low
490,18,Female,Bengaluru,Low,Engineer,Yes,2,High
491,50,Male,Ahmedabad,Low,Doctor,No,0,High
492,34,Female,Chennai,Middle,Analyst,Yes,3,High
493,45,Male,Bengaluru,Middle,Analyst,Yes,1,Low
494,40,Male,Chennai,High,Analyst,No,0,Low
495,29,Female,Ahmedabad,Low,Designer,Yes,8,Low
496,59,Male,Bengaluru,High,Engineer,Yes,3,Medium
497,44,Female,Bengaluru,High,Designer,No,0,Medium
498,40,Male,Ahmedabad,Middle,Business,No,0,High
499,25,Female,Delhi,High,Freelancer,Yes,2,Low
500,65,Female,Mumbai,Middle,Designer,No,0,High
501,60,Female,Bengaluru,Middle,Freelancer,No,0,Medium
502,57,Female,Ahmedabad,Low,Manager,No,0,Low
503,22,Male,Hyderabad,Middle,Freelancer,Yes,6,High
504,59,Female,Ahmedabad,Middle,Engineer,No,0,Low
505,49,Male,Mumbai,Middle,Designer,Yes,8,Medium
506,44,Female,Hyderabad,Low,Business,No,0,High
507,39,Female,Ahmedabad,Middle,Analyst,Yes,4,High
508,63,Female,Pune,Middle,Freelancer,Yes,4,Low
509,51,Female,Mumbai,Middle,Doctor,Yes,3,Medium
510,57,Male,Chennai,Low,Engineer,Yes,7,Low
511,44,Male,Ahmedabad,Low,Business,No,0,Medium
512,60,Male,Delhi,Middle,Freelancer,No,0,High
513,45,Male,Bengaluru,High,Manager,No,0,Medium
514,24,Female,Kolkata,Middle,Teacher,No,0,High
515,35,Male,Bengaluru,Middle,Designer,Yes,5,Medium
516,56,Female,Hyderabad,Middle,Teacher,No,0,Low
517,31,Male,Bengaluru,Middle,Freelancer,Yes,6,High
518,52,Female,Kolkata,Middle,Freelancer,Yes,2,High
519,36,Male,Kolkata,High,Manager,Yes,1,Medium
520,21,Female,Bengaluru,Middle,Student,Yes,3,High
521,62,Female,Mumbai,Middle,Freelancer,Yes,9,Low
522,32,Female,Delhi,Middle,Designer,No,0,Low
523,42,Male,Delhi,Middle,Doctor,No,0,Medium
524,30,Male,Chennai,Middle,Freelancer,No,0,High
525,65,Female,Ahmedabad,Middle,Manager,No,0,High
526,61,Male,Kolkata,Low,Student,No,0,Medium
527,45,Female,Delhi,Low,Analyst,Yes,3,Medium
528,47,Male,Pune,Middle,Business,Yes,3,High
529,54,Male,Mumbai,Middle,Freelancer,Yes,6,Medium
530,28,Male,Hyderabad,Middle,Analyst,No,0,Low
531,39,Male,Mumbai,Middle,Analyst,Yes,10,Medium
532,46,Male,Delhi,Low,Analyst,No,0,High
533,42,Female,Delhi,High,Freelancer,No,0,Medium
534,41,Female,Hyderabad,Middle,Analyst,No,0,Medium
535,50,Male,Hyderabad,Low,Teacher,Yes,9,Medium
536,61,Female,Mumbai,Middle,Manager,Yes,9,High
537,19,Male,Pune,Middle,Freelancer,Yes,2,Low
538,22,Female,Kolkata,Middle,Designer,Yes,5,Medium
539,38,Male,Delhi,Low,Engineer,No,0,Medium
540,40,Female,Ahmedabad,High,Designer,Yes,5,Medium
541,43,Male,Kolkata,High,Freelancer,Yes,3,Medium
542,36,Male,Bengaluru,High,Engineer,Yes,6,High
543,20,Male,Pune,Low,Teacher,No,0,Medium
544,65,Male,Bengaluru,Middle,Manager,No,0,Low
545,32,Male,Ahmedabad,Middle,Freelancer,Yes,2,Low
546,22,Female,Chennai,Low,Analyst,Yes,2,Low
547,26,Male,Chennai,Middle,Business,Yes,5,Medium
548,46,Male,Chennai,Low,Analyst,No,0,Medium
549,45,Female,Pune,Low,Analyst,Yes,4,Medium
550,26,Female,Pune,Middle,Business,Yes,8,Medium
551,53,Female,Bengaluru,Low,Freelancer,No,0,Low
552,30,Male,Delhi,Low,Freelancer,No,0,Low
553,58,Male,Delhi,Low,Freelancer,No,0,Medium
554,34,Male,Chennai,Middle,Designer,No,0,Medium
555,32,Male,Ahmedabad,High,Freelancer,No,0,High
556,50,Male,Bengaluru,Low,Business,Yes,1,Medium
557,28,Male,Ahmedabad,Low,Analyst,No,0,Medium
558,20,Female,Hyderabad,Low,Student,No,0,Low
559,60,Female,Ahmedabad,Low,Student,No,0,Medium
560,20,Female,Pune,High,Freelancer,Yes,9,Medium
561,54,Male,Pune,Low,Designer,No,0,Medium
562,32,Female,Delhi,Middle,Freelancer,Yes,6,Medium
563,26,Male,Bengaluru,Middle,Manager,Yes,9,Medium
564,28,Male,Kolkata,Middle,Analyst,No,0,Low
565,64,Male,Kolkata,Low,Student,No,0,Medium
566,33,Male,Bengaluru,Low,Student,No,0,Low
567,28,Male,Pune,Low,Engineer,Yes,7,Medium
568,31,Male,Hyderabad,Middle,Designer,No,0,High
569,56,Female,Bengaluru,Low,Analyst,No,0,High
570,47,Male,Delhi,Middle,Teacher,Yes,7,Medium
571,51,Male,Mumbai,High,Manager,No,0,Medium
572,48,Male,Mumbai,High,Business,No,0,High
573,60,Female,Kolkata,Low,Analyst,No,0,High
574,20,Female,Chennai,Middle,Engineer,Yes,8,High
575,45,Male,Pune,Low,Freelancer,No,0,Low
576,44,Male,Delhi,Low,Designer,Yes,1,Medium
577,59,Male,Bengaluru,Low,Designer,No,0,Medium
578,59,Female,Pune,Middle,Designer,Yes,9,Medium
579,31,Female,Ahmedabad,Middle,Doctor,No,0,Medium
580,37,Male,Mumbai,Middle,Teacher,No,0,Medium
581,46,Female,Chennai,Middle,Freelancer,No,0,Low
582,57,Male,Mumbai,Middle,Manager,No,0,Low
583,48,Female,Mumbai,High,Student,Yes,2,Low
584,64,Female,Delhi,Middle,Manager,No,0,Medium
585,58,Male,Hyderabad,Middle,Manager,Yes,9,Low
586,61,Male,Pune,Low,Designer,Yes,1,High
587,40,Male,Mumbai,Middle,Freelancer,Yes,4,Medium
588,36,Female,Pune,Middle,Teacher,No,0,Medium
589,56,Male,Pune,High,Manager,No,0,Medium
590,44,Female,Mumbai,Middle,Freelancer,No,0,Medium
591,34,Female,Kolkata,High,Business,No,0,Medium
592,33,Female,Delhi,Middle,Business,No,0,Medium
593,25,Male,Chennai,Low,Designer,Yes,4,Medium
594,40,Male,Kolkata,Middle,Analyst,Yes,5,Low
595,22,Female,Bengaluru,Middle,Teacher,Yes,6,Medium
596,49,Male,Hyderabad,Middle,Teacher,Yes,4,High
597,33,Male,Ahmedabad,High,Student,Yes,2,Low
598,52,Female,Ahmedabad,High,Doctor,No,0,Medium
599,49,Female,Hyderabad,Low,Manager,No,0,Medium
600,21,Female,Kolkata,Middle,Manager,Yes,9,Low
601,47,Male,Delhi,High,Teacher,No,0,Medium
602,42,Male,Pune,Middle,Teacher,Yes,10,High
603,35,Female,Kolkata,Middle,Teacher,No,0,Medium
604,44,Male,Bengaluru,Middle,Teacher,Yes,7,Low
605,24,Female,Hyderabad,Middle,Manager,No,0,Medium
606,65,Female,Bengaluru,Low,Freelancer,No,0,Low
607,52,Male,Kolkata,Middle,Engineer,No,0,Medium
608,62,Male,Ahmedabad,Low,Analyst,Yes,5,Medium
609,34,Female,Chennai,Middle,Student,No,0,High
610,44,Male,Bengaluru,Low,Doctor,No,0,High
611,40,Female,Mumbai,Low,Designer,No,0,High
612,57,Male,Chennai,Low,Designer,No,0,Low
613,58,Female,Hyderabad,Middle,Analyst,Yes,2,Low
614,38,Female,Pune,Middle,Business,No,0,Medium
615,41,Male,Bengaluru,Middle,Student,No,0,Medium
616,26,Male,Hyderabad,Middle,Manager,No,0,High
617,43,Male,Kolkata,Low,Freelancer,Yes,8,Medium
618,23,Female,Pune,Low,Teacher,No,0,Low
619,33,Male,Delhi,Middle,Student,Yes,3,Low
620,60,Female,Pune,Middle,Freelancer,No,0,High
621,46,Female,Kolkata,Low,Freelancer,No,0,Medium
622,58,Male,Mumbai,Middle,Business,Yes,6,Medium
623,37,Male,Chennai,Middle,Doctor,Yes,5,Low
624,48,Female,Pune,Middle,Student,No,0,Medium
625,45,Female,Hyderabad,Middle,Designer,No,0,High
626,53,Male,Pune,Middle,Engineer,Yes,7,High
627,45,Female,Pune,Middle,Freelancer,No,0,High
628,35,Female,Mumbai,Middle,Business,No,0,Low
629,57,Female,Delhi,Middle,Manager,No,0,Medium
630,21,Male,Ahmedabad,High,Student,Yes,2,Low
631,32,Female,Ahmedabad,Low,Analyst,Yes,4,Medium
632,47,Male,Delhi,Middle,Doctor,Yes,2,High
633,43,Female,Kolkata,Low,Student,No,0,Low
634,25,Female,Hyderabad,High,Student,No,0,Medium
635,30,Male,Ahmedabad,Middle,Designer,No,0,Medium
636,61,Male,Mumbai,High,Doctor,No,0,Low
637,48,Male,Mumbai,Middle,Teacher,Yes,1,High
638,58,Female,Hyderabad,Middle,Student,Yes,5,Medium
639,20,Male,Chennai,Middle,Engineer,No,0,Medium
640,33,Male,Delhi,Low,Analyst,Yes,10,Medium
641,59,Female,Hyderabad,Low,Analyst,No,0,Low
642,53,Female,Hyderabad,Middle,Student,No,0,High
643,62,Male,Ahmedabad,Middle,Business,No,0,Low
644,53,Male,Chennai,Low,Analyst,No,0,Low
645,64,Male,Mumbai,Middle,Freelancer,No,0,Medium
646,27,Female,Delhi,Middle,Freelancer,No,0,Medium
647,42,Female,Hyderabad,Middle,Analyst,No,0,Medium
648,64,Male,Ahmedabad,Low,Freelancer,No,0,High
649,27,Male,Delhi,Middle,Manager,Yes,6,Low
650,29,Male,Kolkata,High,Business,Yes,8,Low
651,51,Male,Mumbai,Middle,Student,No,0,Low
652,31,Female,Delhi,Middle,Analyst,No,0,High
653,53,Male,Pune,Middle,Freelancer,No,0,High
654,20,Male,Mumbai,Middle,Engineer,No,0,Low
655,64,Male,Bengaluru,Low,Freelancer,Yes,4,Medium
656,65,Female,Ahmedabad,Middle,Designer,No,0,High
657,24,Male,Ahmedabad,Low,Analyst,Yes,7,Medium
658,38,Female,Kolkata,Middle,Analyst,No,0,High
659,56,Female,Chennai,Low,Business,No,0,Medium
660,46,Male,Bengaluru,High,Doctor,Yes,1,High
661,18,Female,Bengaluru,Low,Engineer,Yes,6,Low
662,20,Male,Hyderabad,Middle,Doctor,Yes,5,Medium
663,37,Female,Ahmedabad,Low,Manager,Yes,4,Medium
664,49,Male,Pune,High,Student,No,0,Medium
665,64,Female,Chennai,High,Designer,Yes,1,High
666,44,Male,Kolkata,High,Student,Yes,4,Medium
667,37,Male,Bengaluru,Middle,Student,Yes,10,Low
668,61,Male,Hyderabad,Middle,Designer,Yes,8,High
669,36,Male,Kolkata,Middle,Doctor,Yes,6,Low
670,23,Female,Hyderabad,Middle,Business,Yes,3,High
671,43,Male,Hyderabad,Middle,Engineer,Yes,10,High
672,35,Female,Kolkata,Middle,Analyst,Yes,10,Low
673,40,Male,Chennai,Low,Business,Yes,1,High
674,57,Female,Bengaluru,Low,Engineer,Yes,4,Low
675,25,Female,Delhi,Middle,Analyst,Yes,10,High
676,62,Male,Hyderabad,High,Teacher,Yes,8,Low
677,52,Male,Delhi,Middle,Designer,Yes,8,Medium
678,55,Male,Pune,High,Teacher,No,0,Low
679,62,Female,Chennai,Middle,Engineer,Yes,1,Low
680,19,Female,Mumbai,Low,Analyst,No,0,Medium
681,49,Female,Delhi,High,Student,No,0,Low
682,33,Male,Delhi,High,Analyst,Yes,8,Medium
683,61,Female,Delhi,Middle,Doctor,No,0,Low
684,42,Female,Hyderabad,High,Manager,No,0,Low
685,39,Female,Hyderabad,High,Designer,No,0,Low
686,33,Female,Ahmedabad,Middle,Freelancer,Yes,5,High
687,26,Male,Bengaluru,Low,Doctor,Yes,9,Medium
688,62,Male,Bengaluru,Middle,Analyst,No,0,Low
689,22,Female,Bengaluru,Middle,Student,No,0,Low
690,38,Female,Bengaluru,High,Teacher,Yes,7,Medium
691,24,Male,Hyderabad,Low,Teacher,Yes,10,Medium
692,61,Female,Chennai,Low,Manager,Yes,8,Low
693,42,Female,Delhi,Middle,Doctor,Yes,4,Low
694,44,Male,Mumbai,Low,Manager,No,0,Low
695,46,Female,Hyderabad,High,Designer,No,0,Medium
696,43,Female,Kolkata,Middle,Freelancer,No,0,High
697,51,Male,Ahmedabad,Middle,Business,No,0,Low
698,20,Male,Kolkata,High,Freelancer,Yes,9,Medium
699,58,Female,Pune,High,Business,Yes,8,Medium
700,28,Male,Ahmedabad,Middle,Business,No,0,Low
701,23,Male,Kolkata,Middle,Designer,Yes,10,High
702,38,Male,Ahmedabad,Middle,Engineer,Yes,10,High
703,34,Male,Mumbai,Low,Engineer,No,0,Medium
704,25,Female,Bengaluru,Middle,Designer,No,0,Low
705,53,Male,Bengaluru,Middle,Manager,No,0,High
706,29,Female,Pune,Middle,Manager,Yes,5,Medium
707,25,Female,Delhi,High,Business,No,0,Low
708,49,Female,Hyderabad,High,Teacher,No,0,Low
709,55,Male,Hyderabad,Middle,Freelancer,No,0,Medium
710,35,Male,Bengaluru,Middle,Manager,No,0,High
711,21,Female,Chennai,Middle,Engineer,Yes,1,Medium
712,21,Female,Bengaluru,Low,Business,No,0,Low
713,65,Female,Chennai,Middle,Analyst,No,0,Low
714,42,Male,Pune,High,Business,No,0,High
715,26,Female,Hyderabad,Low,Teacher,No,0,Medium
716,57,Male,Ahmedabad,Low,Doctor,No,0,High
717,45,Female,Bengaluru,Middle,Business,Yes,9,Medium
718,51,Male,Pune,Middle,Teacher,No,0,High
719,18,Male,Kolkata,Low,Designer,No,0,High
720,20,Male,Hyderabad,Low,Doctor,No,0,Medium
721,34,Male,Mumbai,Middle,Analyst,Yes,9,Medium
722,39,Male,Hyderabad,Middle,Analyst,No,0,High
723,39,Male,Bengaluru,High,Business,No,0,Medium
724,27,Female,Ahmedabad,Middle,Designer,No,0,Medium
725,65,Female,Delhi,Low,Teacher,No,0,Medium
726,54,Female,Mumbai,Middle,Manager,No,0,High
727,35,Male,Kolkata,High,Manager,Yes,7,Medium
728,56,Female,Delhi,Low,Doctor,No,0,Medium
729,44,Female,Hyderabad,Low,Freelancer,No,0,Medium
730,37,Male,Ahmedabad,Low,Freelancer,Yes,1,High
731,19,Female,Ahmedabad,Middle,Freelancer,No,0,Low
732,37,Male,Hyderabad,Middle,Student,Yes,2,High
733,47,Female,Delhi,Middle,Engineer,No,0,Low
734,39,Female,Delhi,Middle,Doctor,Yes,9,High
735,58,Female,Ahmedabad,High,Engineer,Yes,4,Low
736,35,Male,Hyderabad,Low,Freelancer,Yes,1,High
737,40,Male,Mumbai,Middle,Doctor,Yes,5,Medium
738,57,Male,Ahmedabad,High,Student,No,0,Low
739,24,Female,Chennai,Middle,Doctor,Yes,7,Low
740,39,Male,Ahmedabad,High,Manager,No,0,Medium
741,23,Female,Pune,High,Business,No,0,Medium
742,48,Female,Kolkata,Low,Manager,Yes,10,Low
743,62,Male,Mumbai,High,Business,Yes,6,Medium
744,25,Female,Bengaluru,Middle,Freelancer,No,0,Low
745,24,Male,Pune,Middle,Freelancer,No,0,Low
746,47,Male,Ahmedabad,Middle,Designer,Yes,10,Low
747,22,Female,Chennai,Low,Freelancer,No,0,Medium
748,62,Female,Mumbai,Low,Business,No,0,Low
749,38,Female,Mumbai,Middle,Engineer,No,0,Low
750,61,Female,Delhi,High,Engineer,No,0,Medium
751,31,Male,Bengaluru,High,Manager,No,0,High
752,46,Male,Chennai,Middle,Doctor,Yes,10,Medium
753,54,Female,Chennai,Middle,Engineer,No,0,High
754,55,Male,Pune,Low,Student,No,0,Medium
755,41,Female,Mumbai,High,Doctor,No,0,Low
756,19,Female,Kolkata,Low,Designer,No,0,Medium
757,42,Male,Kolkata,Middle,Analyst,Yes,3,Medium
758,44,Male,Delhi,Low,Engineer,No,0,Medium
759,59,Female,Bengaluru,Low,Engineer,No,0,Medium
760,26,Female,Bengaluru,Middle,Business,Yes,8,High
761,50,Male,Bengaluru,Middle,Designer,No,0,Medium
762,56,Female,Kolkata,Low,Freelancer,No,0,Medium
763,54,Female,Mumbai,Middle,Business,No,0,Medium
764,62,Female,Ahmedabad,Low,Freelancer,No,0,Medium
765,23,Male,Pune,Middle,Student,No,0,Low
766,39,Female,Chennai,Middle,Designer,Yes,8,Medium
767,40,Male,Pune,High,Doctor,No,0,Low
768,21,Female,Delhi,Middle,Doctor,No,0,Medium
769,49,Female,Pune,Low,Manager,No,0,High
770,57,Male,Bengaluru,Low,Manager,No,0,Low
771,60,Male,Ahmedabad,Middle,Manager,No,0,Low
772,51,Male,Ahmedabad,High,Designer,Yes,2,High
773,42,Female,Delhi,Low,Doctor,Yes,3,Low
774,25,Female,Hyderabad,Low,Designer,No,0,Medium
775,61,Female,Delhi,Middle,Doctor,No,0,Low
776,46,Male,Mumbai,Middle,Freelancer,Yes,9,Medium
777,58,Female,Chennai,Middle,Doctor,No,0,Medium
778,35,Male,Hyderabad,High,Freelancer,Yes,10,Medium
779,39,Male,Delhi,Middle,Engineer,No,0,Medium
780,18,Female,Hyderabad,Middle,Doctor,No,0,Medium
781,34,Male,Mumbai,Low,Engineer,Yes,2,Low
782,23,Male,Mumbai,High,Manager,Yes,10,High
783,34,Female,Pune,Low,Designer,No,0,Low
784,62,Male,Mumbai,High,Doctor,No,0,Medium
785,21,Female,Bengaluru,Middle,Business,Yes,1,Low
786,22,Male,Ahmedabad,Middle,Engineer,No,0,Medium
787,27,Female,Pune,Middle,Engineer,Yes,10,Medium
788,20,Female,Delhi,Low,Business,No,0,Low
789,27,Female,Bengaluru,Middle,Analyst,Yes,1,Medium
790,43,Female,Ahmedabad,Middle,Designer,No,0,High
791,43,Male,Delhi,High,Designer,No,0,High
792,62,Female,Chennai,High,Doctor,No,0,Medium
793,43,Female,Chennai,Low,Engineer,No,0,Medium
794,47,Male,Kolkata,Middle,Teacher,Yes,4,Low
795,37,Female,Ahmedabad,Middle,Engineer,No,0,Medium
796,58,Male,Ahmedabad,Middle,Designer,Yes,1,Low
797,22,Female,Delhi,Middle,Student,No,0,Medium
798,39,Male,Hyderabad,Low,Freelancer,No,0,Low
799,47,Male,Mumbai,High,Student,No,0,Medium
800,65,Male,Hyderabad,Low,Manager,No,0,Medium
801,18,Male,Ahmedabad,Low,Manager,Yes,5,High
802,55,Male,Mumbai,Low,Teacher,No,0,Low
803,45,Female,Chennai,Low,Engineer,No,0,Medium
804,61,Male,Chennai,Middle,Engineer,Yes,4,High
805,25,Female,Bengaluru,Low,Business,No,0,Low
806,33,Female,Bengaluru,High,Student,Yes,2,High
807,49,Female,Kolkata,Low,Business,Yes,2,Medium
808,62,Female,Hyderabad,Low,Manager,Yes,5,Medium
809,57,Male,Pune,Middle,Analyst,No,0,Medium
810,44,Male,Chennai,Low,Freelancer,Yes,2,High
811,50,Female,Delhi,Low,Teacher,No,0,Medium
812,25,Female,Ahmedabad,Middle,Manager,No,0,High
813,28,Female,Pune,Middle,Analyst,Yes,6,Low
814,57,Male,Bengaluru,High,Manager,No,0,Low
815,19,Female,Kolkata,Middle,Teacher,Yes,4,Medium
816,65,Male,Hyderabad,Middle,Designer,Yes,2,Medium
817,30,Male,Kolkata,Middle,Manager,Yes,8,Medium
818,31,Male,Ahmedabad,High,Teacher,No,0,Medium
819,58,Male,Pune,Middle,Manager,Yes,6,Low
820,25,Female,Hyderabad,High,Doctor,No,0,Low
821,56,Male,Hyderabad,Low,Engineer,No,0,High
822,44,Female,Ahmedabad,High,Doctor,No,0,High
823,18,Female,Kolkata,Middle,Teacher,No,0,Low
824,55,Female,Delhi,High,Student,No,0,High
825,48,Female,Ahmedabad,Middle,Engineer,No,0,Medium
826,46,Female,Hyderabad,Middle,Manager,Yes,1,Medium
827,40,Female,Pune,Low,Manager,No,0,Low
828,63,Female,Ahmedabad,Middle,Manager,No,0,Medium
829,63,Female,Delhi,Middle,Engineer,No,0,Medium
830,42,Female,Hyderabad,High,Engineer,Yes,1,Low
831,57,Female,Delhi,High,Engineer,No,0,Low
832,42,Male,Mumbai,Middle,Freelancer,No,0,Medium
833,63,Male,Ahmedabad,Middle,Teacher,Yes,6,Low
834,65,Female,Pune,Middle,Student,Yes,5,Medium
835,22,Male,Ahmedabad,Middle,Freelancer,No,0,Medium
836,61,Female,Mumbai,High,Teacher,No,0,Medium
837,47,Male,Mumbai,Low,Manager,Yes,3,Low
838,35,Male,Pune,Low,Designer,Yes,3,High
839,61,Male,Pune,Middle,Teacher,Yes,6,Medium
840,22,Female,Kolkata,Low,Analyst,No,0,High
841,59,Female,Ahmedabad,Middle,Doctor,Yes,10,Medium
842,54,Female,Hyderabad,Low,Business,No,0,Low
843,41,Female,Pune,High,Business,No,0,Low
844,28,Male,Bengaluru,Middle,Manager,Yes,9,Low
845,33,Female,Pune,Low,Analyst,No,0,Medium
846,29,Female,Bengaluru,Low,Analyst,No,0,Medium
847,46,Male,Kolkata,Middle,Business,Yes,5,Low
848,27,Female,Pune,High,Business,No,0,Low
849,36,Male,Ahmedabad,High,Analyst,No,0,High
850,62,Male,Pune,Low,Student,No,0,Low
851,43,Male,Hyderabad,Middle,Freelancer,Yes,6,Low
852,32,Male,Ahmedabad,Middle,Engineer,No,0,Low
853,50,Male,Chennai,Middle,Designer,No,0,Medium
854,27,Female,Chennai,Middle,Analyst,Yes,7,Medium
855,37,Female,Kolkata,High,Business,No,0,Low
856,36,Female,Bengaluru,Low,Engineer,No,0,High
857,27,Female,Mumbai,Low,Designer,No,0,High
858,23,Male,Ahmedabad,Low,Manager,No,0,Low
859,30,Female,Pune,Low,Business,Yes,9,Medium
860,53,Female,Ahmedabad,Middle,Engineer,Yes,1,Low
861,59,Male,Delhi,Middle,Engineer,Yes,3,Medium
862,35,Female,Ahmedabad,Middle,Designer,No,0,Medium
863,34,Male,Chennai,Middle,Freelancer,No,0,Medium
864,64,Male,Bengaluru,Middle,Analyst,No,0,Low
865,47,Female,Kolkata,High,Analyst,Yes,3,Low
866,21,Male,Bengaluru,Low,Engineer,No,0,High
867,56,Female,Pune,Middle,Analyst,No,0,High
868,24,Female,Chennai,Middle,Business,Yes,3,Low
869,44,Male,Hyderabad,Low,Teacher,No,0,Low
870,53,Male,Kolkata,Middle,Business,No,0,Medium
871,22,Female,Chennai,Low,Manager,Yes,1,Medium
872,46,Female,Bengaluru,High,Doctor,No,0,High
873,19,Male,Hyderabad,Middle,Doctor,Yes,3,High
874,26,Male,Mumbai,Low,Student,No,0,Medium
875,48,Male,Ahmedabad,Middle,Engineer,Yes,2,Low
876,34,Male,Hyderabad,Low,Teacher,Yes,1,High
877,29,Female,Chennai,Middle,Analyst,Yes,3,High
878,28,Male,Mumbai,High,Student,No,0,Medium
879,51,Male,Mumbai,Low,Teacher,Yes,5,Low
880,50,Male,Ahmedabad,High,Engineer,No,0,Medium
881,29,Male,Kolkata,High,Engineer,No,0,Medium
882,38,Female,Pune,Low,Freelancer,Yes,3,Medium
883,64,Female,Pune,Low,Business,Yes,2,Medium
884,32,Male,Ahmedabad,Middle,Analyst,Yes,7,Low
885,29,Female,Ahmedabad,Low,Freelancer,No,0,Medium
886,60,Male,Bengaluru,Middle,Engineer,Yes,7,Medium
887,41,Female,Mumbai,High,Teacher,Yes,10,High
888,45,Female,Chennai,Middle,Business,Yes,10,Medium
889,60,Male,Ahmedabad,Middle,Engineer,Yes,8,Medium
890,25,Male,Delhi,Low,Engineer,No,0,Medium
891,65,Female,Chennai,Low,Manager,Yes,1,High
892,37,Female,Ahmedabad,Middle,Teacher,Yes,2,Medium
893,36,Female,Delhi,Middle,Student,No,0,Low
894,45,Female,Ahmedabad,High,Business,Yes,8,Medium
895,20,Female,Bengaluru,Low,Business,No,0,High
896,45,Male,Ahmedabad,Low,Freelancer,No,0,Medium
897,61,Male,Delhi,Middle,Designer,No,0,Medium
898,34,Female,Pune,Middle,Analyst,No,0,Medium
899,21,Male,Chennai,Low,Designer,Yes,6,Medium
900,24,Male,Hyderabad,Middle,Teacher,No,0,Medium
901,33,Male,Pune,Middle,Engineer,No,0,High
902,39,Female,Kolkata,Low,Doctor,No,0,Low
903,19,Female,Kolkata,Middle,Analyst,No,0,High
904,54,Male,Chennai,Low,Business,No,0,Medium
905,50,Female,Chennai,High,Designer,No,0,Low
906,30,Male,Pune,Middle,Doctor,No,0,High
907,21,Male,Mumbai,Low,Analyst,No,0,High
908,35,Male,Chennai,Low,Engineer,No,0,Medium
909,59,Female,Hyderabad,High,Designer,No,0,Low
910,43,Male,Delhi,Low,Freelancer,No,0,Medium
911,29,Female,Delhi,Middle,Freelancer,Yes,8,Low
912,30,Female,Kolkata,Middle,Designer,Yes,3,Medium
913,38,Female,Pune,High,Doctor,No,0,Medium
914,59,Male,Mumbai,Low,Manager,No,0,Low
915,30,Female,Kolkata,Low,Designer,No,0,Medium
916,59,Female,Pune,High,Freelancer,Yes,5,Low
917,29,Male,Mumbai,Middle,Analyst,Yes,8,High
918,56,Male,Kolkata,Low,Manager,Yes,7,High
919,33,Female,Ahmedabad,Low,Engineer,No,0,High
920,33,Female,Hyderabad,Middle,Designer,No,0,Medium
921,31,Female,Delhi,Low,Business,Yes,5,Medium
922,52,Female,Ahmedabad,Middle,Teacher,No,0,Medium
923,35,Female,Pune,High,Student,No,0,Medium
924,59,Male,Hyderabad,High,Doctor,No,0,High
925,53,Male,Hyderabad,Middle,Business,No,0,Medium
926,42,Female,Pune,Low,Engineer,No,0,High
927,33,Female,Chennai,Low,Designer,No,0,Low
928,20,Female,Chennai,Low,Designer,Yes,8,Medium
929,24,Female,Kolkata,High,Freelancer,No,0,Medium
930,65,Male,Ahmedabad,Low,Manager,No,0,High
931,18,Male,Mumbai,Middle,Manager,No,0,Medium
932,33,Male,Kolkata,Middle,Analyst,No,0,High
933,46,Female,Pune,Middle,Teacher,No,0,Low
934,23,Male,Delhi,Middle,Student,Yes,7,High
935,53,Female,Hyderabad,Middle,Doctor,No,0,High
936,62,Female,Bengaluru,High,Engineer,Yes,10,Medium
937,41,Female,Ahmedabad,Low,Business,No,0,Low
938,25,Female,Kolkata,Low,Manager,Yes,5,Low
939,45,Female,Hyderabad,High,Designer,No,0,High
940,29,Male,Ahmedabad,Middle,Teacher,Yes,5,High
941,41,Female,Bengaluru,Middle,Analyst,No,0,Low
942,62,Female,Mumbai,Middle,Engineer,Yes,7,Medium
943,53,Female,Delhi,Low,Student,Yes,4,Medium
944,34,Male,Delhi,Middle,Manager,Yes,7,Medium
945,34,Female,Bengaluru,Low,Engineer,No,0,Medium
946,38,Male,Bengaluru,Middle,Business,Yes,5,Low
947,35,Female,Pune,Middle,Freelancer,No,0,Low
948,38,Male,Ahmedabad,Middle,Student,Yes,8,High
949,30,Male,Ahmedabad,Low,Designer,Yes,1,Medium
950,25,Female,Ahmedabad,High,Business,No,0,Low
951,49,Female,Mumbai,Low,Teacher,No,0,Low
952,36,Male,Delhi,Low,Freelancer,Yes,9,High
953,54,Female,Mumbai,Low,Analyst,No,0,Low
954,19,Female,Mumbai,Low,Analyst,No,0,Low
955,27,Female,Ahmedabad,Low,Doctor,No,0,Medium
956,56,Female,Chennai,Middle,Manager,Yes,1,Medium
957,31,Male,Mumbai,High,Freelancer,No,0,Low
958,56,Female,Mumbai,Middle,Student,Yes,3,Low
959,31,Male,Mumbai,Low,Doctor,No,0,Low
960,49,Male,Chennai,High,Engineer,No,0,High
961,41,Female,Pune,Middle,Designer,No,0,High
962,23,Female,Kolkata,Middle,Engineer,No,0,Medium
963,20,Male,Ahmedabad,Middle,Freelancer,No,0,Medium
964,58,Female,Pune,Middle,Manager,Yes,8,Medium
965,26,Female,Delhi,Middle,Freelancer,Yes,4,Medium
966,22,Female,Mumbai,High,Business,No,0,Medium
967,60,Male,Delhi,Middle,Engineer,No,0,Medium
968,65,Male,Mumbai,Middle,Designer,Yes,3,High
969,63,Female,Pune,Low,Analyst,No,0,Medium
970,29,Male,Kolkata,Low,Freelancer,Yes,10,Low
971,19,Female,Kolkata,Low,Business,Yes,3,Medium
972,37,Female,Pune,Middle,Engineer,No,0,Medium
973,26,Male,Delhi,Low,Teacher,Yes,1,Medium
974,48,Male,Mumbai,Middle,Doctor,No,0,Medium
975,47,Male,Ahmedabad,Low,Business,Yes,2,Low
976,48,Female,Delhi,Low,Analyst,Yes,4,Low
977,18,Female,Ahmedabad,Low,Freelancer,No,0,Medium
978,36,Female,Hyderabad,Low,Student,Yes,9,Medium
979,51,Female,Kolkata,Low,Business,No,0,Medium
980,25,Female,Delhi,Middle,Manager,No,0,Medium
981,36,Male,Chennai,Middle,Business,No,0,Medium
982,26,Female,Chennai,High,Business,No,0,Medium
983,28,Male,Bengaluru,Middle,Teacher,Yes,2,Medium
984,28,Female,Pune,Middle,Teacher,Yes,7,High
985,31,Female,Chennai,Middle,Manager,No,0,Medium
986,29,Male,Chennai,High,Designer,No,0,Low
987,25,Female,Chennai,Middle,Student,Yes,4,Medium
988,53,Male,Delhi,Low,Business,Yes,9,Medium
989,47,Male,Delhi,High,Freelancer,No,0,High
990,24,Male,Pune,Low,Business,Yes,4,High
991,50,Female,Chennai,Middle,Manager,No,0,Low
992,25,Male,Hyderabad,High,Business,Yes,7,High
993,39,Female,Chennai,Low,Teacher,Yes,5,Medium
994,27,Male,Kolkata,Middle,Designer,No,0,High
995,44,Female,Delhi,High,Business,No,0,Medium
996,27,Male,Mumbai,Middle,Analyst,No,0,Medium
997,38,Female,Delhi,Middle,Manager,No,0,Medium
998,54,Female,Kolkata,Low,Designer,No,0,Medium
999,61,Female,Chennai,Middle,Student,No,0,Medium
1000,35,Female,Ahmedabad,High,Teacher,No,0,Low
1001,52,Female,Kolkata,Middle,Teacher,No,0,Medium
1002,37,Male,Pune,Low,Teacher,No,0,Medium
1003,23,Male,Delhi,Middle,Student,Yes,6,High
1004,52,Male,Delhi,Middle,Analyst,Yes,5,Medium
1005,34,Male,Ahmedabad,Middle,Doctor,Yes,1,High
1006,54,Male,Chennai,Middle,Doctor,No,0,High
1007,36,Male,Kolkata,Middle,Freelancer,No,0,Medium
1008,65,Female,Ahmedabad,Low,Engineer,Yes,10,Low
1009,27,Male,Kolkata,Middle,Manager,No,0,Low
1010,48,Female,Pune,Low,Business,Yes,9,Medium
1011,58,Female,Bengaluru,Middle,Manager,Yes,8,Medium
1012,50,Male,Hyderabad,Low,Business,No,0,Low
1013,48,Male,Kolkata,Low,Engineer,Yes,9,Medium
1014,25,Female,Pune,Middle,Analyst,Yes,9,Low
1015,37,Female,Delhi,Low,Doctor,Yes,3,Low
1016,36,Male,Chennai,Low,Engineer,No,0,Medium
1017,20,Female,Kolkata,Middle,Business,No,0,Medium
1018,64,Female,Ahmedabad,High,Business,Yes,3,Medium
1019,27,Female,Kolkata,High,Teacher,Yes,10,Medium
1020,43,Male,Bengaluru,Low,Student,Yes,8,Medium
1021,54,Male,Mumbai,Middle,Teacher,No,0,Medium
1022,57,Male,Ahmedabad,Middle,Freelancer,No,0,High
1023,19,Male,Pune,Low,Teacher,No,0,Low
1024,33,Male,Chennai,High,Designer,No,0,Medium
1025,55,Female,Bengaluru,Low,Designer,No,0,Low
1026,19,Male,Bengaluru,High,Doctor,Yes,5,Low
1027,27,Female,Bengaluru,Low,Student,No,0,Low
1028,57,Male,Chennai,High,Manager,Yes,1,Low
1029,44,Male,Hyderabad,High,Business,Yes,2,Low
1030,50,Female,Ahmedabad,Middle,Freelancer,Yes,2,Low
1031,44,Male,Pune,Low,Freelancer,Yes,4,High
1032,55,Male,Pune,Middle,Designer,Yes,9,Medium
1033,46,Male,Chennai,Low,Freelancer,No,0,Low
1034,28,Female,Delhi,Middle,Student,No,0,Medium
1035,47,Male,Delhi,High,Student,No,0,Medium
1036,48,Male,Pune,Low,Student,Yes,7,High
1037,28,Female,Mumbai,Middle,Manager,No,0,Medium
1038,64,Female,Chennai,Middle,Doctor,Yes,7,Low
1039,63,Female,Chennai,Middle,Student,Yes,6,Medium
1040,62,Male,Delhi,Low,Manager,No,0,Medium
1041,44,Female,Mumbai,Middle,Engineer,No,0,Medium
1042,52,Male,Chennai,Low,Designer,No,0,Medium
1043,56,Female,Hyderabad,Middle,Business,Yes,1,Low
1044,18,Female,Hyderabad,Low,Engineer,Yes,5,Medium
1045,57,Female,Chennai,Middle,Student,No,0,Low
1046,35,Male,Hyderabad,Middle,Designer,No,0,Medium
1047,25,Male,Bengaluru,High,Engineer,No,0,Medium
1048,55,Male,Pune,Low,Teacher,Yes,5,High
1049,61,Female,Ahmedabad,Low,Student,No,0,Medium
1050,45,Female,Kolkata,Middle,Designer,No,0,Low
1051,35,Male,Hyderabad,Low,Student,No,0,Medium
1052,35,Female,Hyderabad,High,Analyst,No,0,Medium
1053,23,Male,Kolkata,High,Engineer,No,0,High
1054,33,Male,Delhi,Low,Business,Yes,2,Medium
1055,45,Female,Pune,High,Teacher,No,0,Medium
1056,24,Female,Hyderabad,Middle,Engineer,No,0,High
1057,56,Male,Mumbai,Middle,Student,No,0,Medium
1058,20,Male,Delhi,Middle,Business,No,0,Medium
1059,21,Male,Delhi,Low,Doctor,No,0,Low
1060,42,Male,Ahmedabad,Middle,Designer,No,0,Medium
1061,47,Female,Delhi,Middle,Business,No,0,Medium
1062,51,Male,Hyderabad,Low,Manager,Yes,2,Low
1063,58,Female,Bengaluru,Middle,Teacher,Yes,8,Medium
1064,26,Female,Pune,Middle,Freelancer,Yes,5,Medium
1065,27,Male,Bengaluru,Low,Student,Yes,6,Low
1066,33,Female,Chennai,Middle,Teacher,No,0,High
1067,30,Female,Ahmedabad,Middle,Analyst,Yes,2,Medium
1068,55,Male,Mumbai,Middle,Business,Yes,5,Medium
1069,20,Male,Ahmedabad,Middle,Teacher,No,0,Medium
1070,33,Female,Hyderabad,Middle,Designer,No,0,High
1071,29,Male,Mumbai,High,Manager,Yes,1,Low
1072,36,Female,Delhi,Middle,Student,No,0,High
1073,30,Female,Hyderabad,Low,Manager,Yes,5,Medium
1074,30,Male,Bengaluru,Low,Designer,No,0,High
1075,59,Male,Chennai,Middle,Analyst,Yes,4,Medium
1076,60,Female,Mumbai,Low,Engineer,No,0,High
1077,27,Female,Chennai,High,Analyst,Yes,4,Low
1078,56,Male,Pune,Middle,Manager,No,0,High
1079,38,Male,Ahmedabad,Low,Teacher,No,0,Low
1080,64,Male,Bengaluru,Low,Freelancer,No,0,Medium
1081,42,Female,Ahmedabad,Middle,Manager,No,0,Medium
1082,38,Female,Ahmedabad,Middle,Doctor,No,0,Medium
1083,55,Male,Hyderabad,Middle,Teacher,No,0,Medium
1084,30,Female,Bengaluru,Middle,Analyst,Yes,4,Medium
1085,34,Female,Hyderabad,Middle,Student,Yes,2,Low
1086,47,Female,Chennai,Middle,Business,Yes,8,Medium
1087,38,Male,Chennai,Low,Engineer,Yes,8,Low
1088,36,Female,Hyderabad,High,Engineer,No,0,Medium
1089,25,Female,Pune,Low,Doctor,Yes,4,Medium
1090,65,Male,Pune,High,Student,No,0,Low
1091,37,Male,Ahmedabad,Low,Freelancer,Yes,7,High
1092,27,Female,Ahmedabad,High,Analyst,Yes,4,Medium
1093,23,Female,Delhi,Low,Analyst,Yes,7,Low
1094,26,Female,Chennai,Middle,Teacher,Yes,1,Medium
1095,44,Female,Chennai,Middle,Student,No,0,High
1096,54,Female,Kolkata,Middle,Designer,No,0,Low
1097,31,Male,Chennai,High,Business,Yes,7,Low
1098,58,Male,Delhi,High,Business,Yes,2,Medium
1099,19,Male,Pune,Low,Freelancer,Yes,7,Low
1100,22,Female,Kolkata,Middle,Manager,Yes,1,Low
1101,25,Male,Bengaluru,Low,Teacher,Yes,2,Medium
1102,37,Female,Hyderabad,Middle,Freelancer,No,0,Medium
1103,63,Female,Mumbai,Middle,Designer,Yes,1,High
1104,56,Female,Ahmedabad,High,Business,No,0,High
1105,54,Female,Kolkata,Low,Manager,Yes,8,Medium
1106,44,Female,Kolkata,Low,Manager,No,0,Medium
1107,62,Male,Pune,Middle,Freelancer,Yes,1,Low
1108,36,Female,Mumbai,Middle,Analyst,Yes,4,High
1109,22,Female,Ahmedabad,Middle,Manager,No,0,High
1110,34,Female,Kolkata,Low,Analyst,Yes,1,Low
1111,65,Male,Bengaluru,Middle,Analyst,Yes,1,Low
1112,60,Male,Ahmedabad,Middle,Manager,No,0,Low
1113,48,Male,Mumbai,High,Manager,No,0,Low
1114,36,Male,Pune,Low,Manager,No,0,Low
1115,46,Male,Ahmedabad,Middle,Student,Yes,1,High
1116,58,Male,Kolkata,High,Doctor,No,0,Medium
1117,46,Male,Chennai,Low,Teacher,Yes,7,High
1118,30,Male,Mumbai,Low,Teacher,Yes,1,Medium
1119,24,Male,Delhi,Middle,Designer,No,0,Low
1120,50,Male,Kolkata,Low,Designer,Yes,9,Medium
1121,25,Female,Chennai,Low,Student,Yes,6,Low
1122,42,Female,Delhi,Low,Engineer,Yes,5,Medium
1123,31,Male,Bengaluru,Middle,Doctor,No,0,Medium
1124,24,Male,Chennai,Middle,Manager,No,0,Medium
1125,58,Female,Mumbai,Middle,Analyst,No,0,High
1126,19,Male,Delhi,Middle,Teacher,No,0,Medium
1127,19,Female,Hyderabad,Middle,Engineer,No,0,Medium
1128,21,Female,Hyderabad,Low,Student,No,0,Low
1129,33,Female,Bengaluru,High,Doctor,No,0,High
1130,38,Female,Pune,Middle,Student,No,0,Medium
1131,32,Male,Hyderabad,High,Teacher,Yes,4,Low
1132,56,Male,Mumbai,High,Business,No,0,Low
1133,22,Male,Mumbai,High,Manager,Yes,3,High
1134,55,Male,Kolkata,Middle,Business,No,0,Low
1135,37,Male,Pune,Low,Doctor,Yes,7,Low
1136,54,Female,Mumbai,Middle,Analyst,No,0,Low
1137,43,Female,Bengaluru,Middle,Business,No,0,Medium
1138,19,Female,Bengaluru,Middle,Freelancer,Yes,2,High
1139,64,Female,Ahmedabad,Low,Engineer,Yes,5,Medium
1140,39,Male,Delhi,Low,Student,No,0,Low
1141,50,Female,Chennai,Middle,Designer,Yes,7,High
1142,49,Male,Mumbai,Low,Designer,No,0,Low
1143,54,Female,Ahmedabad,Low,Analyst,No,0,High
1144,62,Male,Ahmedabad,Low,Student,Yes,7,Medium
1145,41,Male,Pune,Middle,Business,No,0,Medium
1146,61,Male,Delhi,Low,Engineer,Yes,10,High
1147,23,Male,Hyderabad,Middle,Designer,No,0,Medium
1148,28,Female,Pune,High,Designer,Yes,5,Medium
1149,64,Female,Bengaluru,High,Doctor,Yes,10,High
1150,65,Male,Bengaluru,Low,Business,No,0,Medium
1151,18,Female,Pune,Low,Designer,No,0,Medium
1152,28,Male,Mumbai,Low,Business,Yes,3,Low
1153,54,Male,Pune,High,Designer,Yes,1,Medium
1154,46,Male,Mumbai,Middle,Doctor,No,0,High
1155,23,Male,Ahmedabad,Middle,Business,Yes,6,Low
1156,61,Male,Delhi,Middle,Engineer,Yes,5,High
1157,31,Female,Ahmedabad,Middle,Business,Yes,10,Medium
1158,39,Male,Chennai,Middle,Designer,Yes,6,High
1159,42,Male,Delhi,Middle,Business,No,0,High
1160,62,Male,Mumbai,Middle,Freelancer,No,0,High
1161,35,Female,Ahmedabad,High,Freelancer,No,0,Low
1162,44,Female,Delhi,Middle,Analyst,Yes,6,Low
1163,61,Male,Chennai,Middle,Designer,No,0,Medium
1164,48,Female,Pune,High,Teacher,No,0,High
1165,63,Male,Bengaluru,Low,Business,No,0,Medium
1166,23,Female,Bengaluru,Low,Business,No,0,Medium
1167,25,Male,Mumbai,Middle,Engineer,No,0,Low
1168,45,Female,Hyderabad,High,Doctor,Yes,6,High
1169,60,Male,Ahmedabad,Middle,Engineer,No,0,Low
1170,62,Male,Chennai,Low,Designer,Yes,10,High
1171,63,Female,Hyderabad,Middle,Teacher,No,0,Medium
1172,34,Male,Mumbai,Low,Analyst,Yes,2,Medium
1173,26,Male,Pune,High,Student,No,0,Medium
1174,55,Female,Chennai,Middle,Manager,No,0,High
1175,51,Male,Ahmedabad,Middle,Analyst,No,0,Low
1176,27,Female,Bengaluru,High,Doctor,Yes,4,Medium
1177,27,Male,Chennai,Middle,Doctor,No,0,High
1178,50,Male,Ahmedabad,High,Doctor,Yes,10,Medium
1179,63,Male,Hyderabad,High,Student,Yes,6,Low
1180,29,Male,Delhi,High,Freelancer,No,0,Low
1181,43,Female,Kolkata,Low,Engineer,No,0,High
1182,51,Female,Mumbai,Middle,Manager,Yes,4,Medium
1183,38,Female,Ahmedabad,Middle,Manager,No,0,High
1184,54,Male,Hyderabad,Low,Teacher,No,0,Low
1185,65,Male,Bengaluru,Low,Designer,No,0,Medium
1186,45,Female,Bengaluru,Middle,Student,Yes,1,Low
1187,25,Male,Kolkata,High,Teacher,No,0,Medium
1188,20,Male,Kolkata,Low,Engineer,Yes,5,Medium
1189,47,Female,Chennai,High,Student,No,0,Low
1190,25,Female,Pune,Low,Engineer,Yes,9,Low
1191,55,Female,Pune,Low,Manager,No,0,Medium
1192,24,Male,Kolkata,Low,Student,No,0,High
1193,43,Female,Mumbai,Middle,Freelancer,No,0,High
1194,55,Male,Mumbai,Middle,Manager,No,0,Medium
1195,56,Male,Delhi,Middle,Manager,Yes,8,High
1196,54,Male,Mumbai,Low,Engineer,Yes,9,Low
1197,50,Male,Hyderabad,Low,Doctor,No,0,Low
1198,20,Female,Bengaluru,High,Business,No,0,High
1199,62,Male,Mumbai,Low,Student,No,0,High
1200,33,Male,Chennai,Low,Doctor,Yes,4,High
1201,26,Female,Bengaluru,Middle,Designer,Yes,9,Low
1202,47,Male,Hyderabad,Low,Engineer,Yes,7,High
1203,58,Male,Chennai,Middle,Freelancer,No,0,Medium
1204,56,Female,Kolkata,Low,Student,No,0,Medium
1205,56,Female,Mumbai,Low,Analyst,Yes,9,Low
1206,58,Male,Hyderabad,Low,Doctor,No,0,High
1207,18,Male,Mumbai,Low,Manager,No,0,Low
1208,51,Female,Pune,Middle,Freelancer,Yes,8,Low
1209,35,Female,Bengaluru,Middle,Analyst,No,0,Low
1210,65,Female,Ahmedabad,Middle,Manager,No,0,Medium
1211,34,Male,Bengaluru,Low,Designer,No,0,Low
1212,54,Male,Kolkata,Middle,Business,Yes,6,Medium
1213,29,Female,Kolkata,Middle,Freelancer,Yes,8,Medium
1214,63,Male,Pune,High,Designer,No,0,Medium
1215,38,Male,Mumbai,High,Manager,No,0,Low
1216,54,Female,Delhi,Low,Designer,No,0,Medium
1217,61,Male,Kolkata,Middle,Student,No,0,Medium
1218,57,Female,Chennai,Low,Teacher,No,0,Low
1219,65,Male,Ahmedabad,Middle,Manager,No,0,High
1220,61,Male,Mumbai,High,Analyst,No,0,High
1221,26,Female,Bengaluru,Middle,Analyst,No,0,Medium
1222,25,Male,Pune,Low,Doctor,No,0,High
1223,48,Female,Delhi,Low,Business,Yes,10,Medium
1224,57,Female,Pune,High,Analyst,Yes,1,Medium
1225,24,Female,Delhi,Low,Engineer,No,0,Low
1226,45,Female,Mumbai,Middle,Business,Yes,9,High
1227,18,Female,Chennai,Low,Doctor,No,0,Low
1228,41,Female,Ahmedabad,Middle,Manager,Yes,5,Low
1229,26,Male,Mumbai,Middle,Teacher,Yes,6,High
1230,36,Male,Hyderabad,Low,Business,Yes,6,High
1231,60,Male,Chennai,High,Designer,Yes,8,Medium
1232,50,Male,Mumbai,Middle,Engineer,No,0,High
1233,19,Male,Delhi,Low,Analyst,Yes,1,High
1234,45,Female,Pune,High,Business,No,0,Medium
1235,23,Male,Hyderabad,Middle,Doctor,Yes,3,Medium
1236,25,Female,Hyderabad,High,Business,No,0,Low
1237,63,Male,Bengaluru,Middle,Teacher,Yes,9,Medium
1238,25,Female,Delhi,Low,Teacher,Yes,4,High
1239,23,Male,Hyderabad,High,Analyst,Yes,9,Medium
1240,45,Female,Mumbai,Middle,Doctor,No,0,Medium
1241,41,Male,Bengaluru,Low,Student,Yes,7,Low
1242,18,Female,Pune,Low,Engineer,No,0,Low
1243,45,Female,Mumbai,Low,Engineer,No,0,Medium
1244,60,Female,Chennai,Low,Analyst,No,0,High
1245,65,Female,Hyderabad,Middle,Designer,No,0,Medium
1246,23,Male,Hyderabad,High,Business,Yes,10,Low
1247,24,Female,Hyderabad,Low,Freelancer,No,0,Medium
1248,64,Female,Chennai,Low,Analyst,Yes,7,Medium
1249,46,Female,Delhi,Middle,Manager,Yes,7,Low
1250,56,Male,Hyderabad,Low,Designer,No,0,Low
1251,49,Male,Ahmedabad,Middle,Freelancer,No,0,High
1252,42,Male,Delhi,Middle,Manager,Yes,10,Low
1253,54,Female,Pune,Low,Doctor,No,0,High
1254,32,Male,Hyderabad,Low,Doctor,Yes,2,Low
1255,20,Male,Pune,Middle,Student,No,0,Low
1256,59,Male,Delhi,High,Analyst,No,0,Low
1257,58,Female,Bengaluru,Middle,Designer,Yes,2,High
1258,57,Male,Chennai,Low,Teacher,No,0,Medium
1259,64,Male,Kolkata,High,Doctor,Yes,1,Medium
1260,58,Male,Chennai,Middle,Doctor,No,0,High
1261,31,Male,Ahmedabad,Middle,Teacher,No,0,High
1262,64,Male,Ahmedabad,Middle,Manager,Yes,8,Low
1263,29,Female,Delhi,Low,Doctor,No,0,Medium
1264,28,Male,Mumbai,High,Manager,No,0,Medium
1265,22,Female,Mumbai,Middle,Freelancer,No,0,Medium
1266,26,Female,Kolkata,Middle,Student,No,0,Medium
1267,25,Male,Bengaluru,High,Teacher,No,0,Medium
1268,23,Male,Mumbai,Low,Freelancer,No,0,Medium
1269,65,Male,Ahmedabad,High,Business,No,0,Low
1270,28,Female,Mumbai,Low,Student,No,0,Low
1271,20,Female,Bengaluru,Low,Student,Yes,9,High
1272,32,Female,Hyderabad,Low,Designer,Yes,3,Medium
1273,61,Male,Mumbai,High,Teacher,No,0,Low
1274,24,Male,Chennai,High,Engineer,Yes,2,Medium
1275,20,Male,Kolkata,Middle,Manager,Yes,9,Medium
1276,60,Male,Pune,Middle,Business,No,0,Low
1277,60,Male,Bengaluru,Middle,Analyst,Yes,2,High
1278,27,Female,Mumbai,Middle,Engineer,No,0,High
1279,54,Female,Bengaluru,Middle,Manager,No,0,Low
1280,42,Female,Chennai,Middle,Manager,No,0,Medium
1281,59,Female,Hyderabad,High,Designer,Yes,9,Medium
1282,23,Male,Mumbai,Middle,Teacher,Yes,10,High
1283,41,Female,Bengaluru,Low,Engineer,No,0,Low
1284,21,Male,Kolkata,High,Teacher,Yes,3,Low
1285,31,Male,Kolkata,High,Student,Yes,3,Low
1286,62,Male,Ahmedabad,High,Manager,Yes,2,Medium
1287,19,Female,Bengaluru,Low,Manager,Yes,4,Low
1288,48,Female,Ahmedabad,Middle,Designer,No,0,Medium
1289,64,Female,Mumbai,Low,Manager,No,0,Medium
1290,21,Male,Kolkata,High,Designer,Yes,3,Medium
1291,61,Female,Pune,High,Teacher,No,0,Medium
1292,45,Male,Hyderabad,High,Designer,Yes,2,Medium
1293,57,Male,Ahmedabad,Low,Business,Yes,9,Medium
1294,38,Female,Kolkata,Middle,Teacher,Yes,7,Low
1295,35,Female,Delhi,Low,Teacher,Yes,10,High
1296,36,Female,Hyderabad,Low,Freelancer,Yes,4,Medium
1297,30,Male,Ahmedabad,Middle,Student,Yes,5,Low
1298,21,Female,Pune,Low,Designer,No,0,Low
1299,50,Male,Mumbai,Low,Analyst,No,0,Medium
1300,44,Male,Delhi,High,Designer,No,0,Medium
1301,48,Male,Ahmedabad,Middle,Engineer,No,0,Low
1302,58,Male,Bengaluru,Low,Freelancer,No,0,High
1303,51,Female,Ahmedabad,High,Manager,No,0,Medium
1304,39,Male,Kolkata,Low,Teacher,No,0,High
1305,31,Female,Mumbai,High,Student,No,0,High
1306,27,Female,Chennai,Middle,Manager,Yes,2,Medium
1307,36,Male,Bengaluru,Low,Business,Yes,6,Medium
1308,34,Female,Bengaluru,High,Engineer,No,0,High
1309,54,Male,Ahmedabad,Middle,Analyst,Yes,5,Medium
1310,50,Female,Ahmedabad,High,Doctor,No,0,Medium
1311,61,Male,Delhi,Low,Manager,No,0,Low
1312,24,Male,Kolkata,Low,Business,Yes,7,High
1313,60,Female,Mumbai,Low,Engineer,No,0,Medium
1314,29,Female,Hyderabad,Middle,Designer,No,0,High
1315,39,Female,Mumbai,Low,Doctor,Yes,10,Medium
1316,47,Male,Chennai,Low,Student,Yes,8,Low
1317,56,Female,Hyderabad,Middle,Student,Yes,6,High
1318,31,Female,Pune,High,Manager,No,0,Medium
1319,23,Female,Kolkata,Low,Freelancer,Yes,2,Low
1320,31,Female,Chennai,Middle,Doctor,Yes,1,Low
1321,28,Male,Kolkata,Low,Analyst,No,0,Medium
1322,62,Male,Mumbai,Middle,Manager,No,0,Medium
1323,38,Female,Delhi,Middle,Manager,No,0,Medium
1324,47,Female,Pune,High,Freelancer,No,0,Medium
1325,64,Male,Ahmedabad,Low,Engineer,No,0,High
1326,20,Male,Kolkata,Low,Teacher,No,0,Medium
1327,40,Female,Chennai,Low,Student,Yes,10,High
1328,37,Female,Ahmedabad,High,Designer,No,0,High
1329,44,Female,Mumbai,Middle,Manager,No,0,Medium
1330,47,Female,Kolkata,Middle,Doctor,Yes,10,Low
1331,60,Male,Mumbai,Middle,Engineer,Yes,5,Medium
1332,23,Female,Mumbai,Middle,Business,No,0,Medium
1333,50,Male,Hyderabad,Middle,Business,Yes,5,High
1334,53,Female,Ahmedabad,Middle,Designer,Yes,8,High
1335,59,Female,Hyderabad,Middle,Freelancer,No,0,Low
1336,36,Female,Hyderabad,Low,Student,No,0,Medium
1337,44,Female,Chennai,Low,Manager,Yes,6,High
1338,54,Female,Delhi,High,Designer,Yes,7,Low
1339,26,Female,Bengaluru,High,Designer,Yes,3,Medium
1340,32,Female,Pune,Low,Freelancer,No,0,Medium
1341,28,Male,Bengaluru,High,Student,Yes,2,Low
1342,57,Female,Delhi,Middle,Manager,No,0,Low
1343,47,Male,Pune,Middle,Teacher,No,0,Low
1344,52,Female,Pune,High,Student,No,0,High
1345,35,Male,Mumbai,Low,Business,Yes,1,Medium
1346,56,Male,Mumbai,Low,Business,Yes,5,High
1347,41,Male,Kolkata,High,Engineer,Yes,2,Medium
1348,49,Female,Ahmedabad,High,Manager,Yes,7,Medium
1349,29,Male,Mumbai,Low,Analyst,No,0,Medium
1350,40,Male,Pune,Middle,Engineer,No,0,Medium
1351,30,Male,Hyderabad,Middle,Analyst,No,0,Medium
1352,25,Male,Pune,High,Doctor,Yes,3,Low
1353,48,Female,Ahmedabad,Low,Designer,Yes,9,Medium
1354,50,Male,Pune,High,Designer,No,0,Low
1355,24,Male,Ahmedabad,Middle,Designer,No,0,Medium
1356,46,Male,Kolkata,Middle,Designer,No,0,High
1357,30,Male,Pune,Middle,Designer,Yes,2,Medium
1358,36,Female,Kolkata,Middle,Student,No,0,High
1359,25,Male,Hyderabad,Low,Analyst,Yes,3,Medium
1360,41,Male,Chennai,Low,Teacher,Yes,1,Medium
1361,47,Female,Pune,Middle,Teacher,Yes,4,Medium
1362,51,Male,Kolkata,Low,Designer,No,0,Medium
1363,38,Female,Delhi,High,Doctor,Yes,1,High
1364,44,Female,Hyderabad,Low,Student,No,0,Medium
1365,36,Male,Ahmedabad,Low,Doctor,No,0,Medium
1366,26,Male,Chennai,High,Student,Yes,9,High
1367,22,Female,Pune,Middle,Analyst,No,0,Medium
1368,40,Male,Kolkata,Middle,Doctor,No,0,Medium
1369,62,Male,Chennai,High,Engineer,No,0,Medium
1370,19,Female,Kolkata,Low,Teacher,No,0,Low
1371,28,Male,Delhi,Low,Doctor,No,0,High
1372,20,Female,Kolkata,Low,Doctor,No,0,Low
1373,62,Female,Bengaluru,Low,Designer,Yes,8,Low
1374,58,Female,Ahmedabad,Middle,Doctor,Yes,9,Low
1375,38,Female,Mumbai,Middle,Analyst,No,0,Low
1376,53,Male,Ahmedabad,High,Student,Yes,4,Medium
1377,31,Male,Chennai,Low,Teacher,Yes,7,Low
1378,55,Female,Ahmedabad,Middle,Manager,No,0,Medium
1379,50,Female,Hyderabad,Low,Designer,Yes,6,Medium
1380,30,Male,Bengaluru,Low,Business,Yes,5,High
1381,24,Male,Ahmedabad,Middle,Freelancer,Yes,8,Low
1382,46,Female,Hyderabad,Middle,Manager,Yes,9,Low
1383,43,Female,Chennai,Middle,Engineer,No,0,Low
1384,21,Female,Hyderabad,Middle,Designer,No,0,Medium
1385,29,Female,Mumbai,Middle,Student,No,0,Medium
1386,59,Male,Pune,Low,Teacher,Yes,2,Low
1387,22,Female,Kolkata,Middle,Designer,Yes,10,Medium
1388,24,Female,Hyderabad,Low,Manager,No,0,Medium
1389,31,Male,Mumbai,Low,Manager,Yes,10,Low
1390,50,Male,Bengaluru,High,Analyst,No,0,Medium
1391,61,Male,Ahmedabad,Low,Designer,Yes,8,Low
1392,39,Male,Delhi,Low,Analyst,No,0,High
1393,48,Male,Delhi,Middle,Student,No,0,Low
1394,54,Male,Bengaluru,Middle,Engineer,Yes,4,Medium
1395,24,Female,Pune,Low,Business,No,0,Medium
1396,34,Female,Ahmedabad,Middle,Engineer,Yes,6,Medium
1397,35,Female,Hyderabad,Middle,Manager,No,0,Low
1398,40,Male,Hyderabad,Middle,Designer,Yes,7,Medium
1399,58,Female,Bengaluru,Low,Doctor,Yes,9,High
1400,61,Female,Pune,Low,Teacher,Yes,10,Medium
1401,20,Male,Kolkata,Middle,Business,No,0,High
1402,54,Male,Ahmedabad,High,Manager,No,0,Low
1403,47,Male,Pune,Middle,Business,No,0,Low
1404,36,Female,Mumbai,Low,Student,Yes,8,Low
1405,49,Male,Chennai,Low,Doctor,Yes,1,Low
1406,50,Male,Pune,Middle,Manager,No,0,Low
1407,64,Male,Delhi,Low,Business,No,0,Low
1408,40,Female,Mumbai,Low,Doctor,No,0,Medium
1409,37,Female,Bengaluru,Middle,Teacher,Yes,7,Medium
1410,34,Male,Pune,Low,Business,No,0,Medium
1411,52,Male,Bengaluru,Low,Freelancer,No,0,High
1412,46,Female,Ahmedabad,Middle,Analyst,No,0,Medium
1413,45,Male,Kolkata,Middle,Engineer,No,0,Medium
1414,26,Female,Bengaluru,Middle,Freelancer,Yes,4,Medium
1415,54,Male,Ahmedabad,High,Freelancer,Yes,7,Low
1416,47,Male,Chennai,High,Engineer,Yes,5,High
1417,36,Male,Delhi,Middle,Teacher,No,0,High
1418,51,Male,Bengaluru,Low,Doctor,No,0,Medium
1419,58,Female,Hyderabad,Low,Engineer,No,0,Low
1420,22,Male,Hyderabad,Low,Teacher,No,0,Low
1421,24,Male,Mumbai,Middle,Doctor,No,0,Medium
1422,43,Female,Ahmedabad,Middle,Engineer,Yes,4,High
1423,45,Male,Bengaluru,Low,Freelancer,Yes,3,High
1424,65,Male,Ahmedabad,Middle,Analyst,Yes,8,Low
1425,60,Female,Bengaluru,Low,Student,Yes,2,Medium
1426,36,Female,Delhi,Middle,Business,No,0,Low
1427,20,Female,Pune,High,Student,Yes,3,Medium
1428,28,Female,Kolkata,Middle,Freelancer,No,0,Medium
1429,22,Male,Pune,Low,Doctor,Yes,10,Medium
1430,43,Female,Bengaluru,Low,Freelancer,No,0,Medium
1431,60,Female,Kolkata,Middle,Engineer,Yes,6,Medium
1432,20,Male,Ahmedabad,Low,Business,No,0,Low
1433,38,Male,Mumbai,Middle,Manager,No,0,High
1434,64,Male,Delhi,High,Doctor,No,0,Medium
1435,25,Female,Delhi,Low,Manager,No,0,Medium
1436,38,Male,Hyderabad,Low,Doctor,Yes,3,High
1437,49,Female,Hyderabad,Middle,Engineer,Yes,4,Medium
1438,55,Male,Bengaluru,Low,Student,No,0,Low
1439,41,Female,Bengaluru,Middle,Freelancer,No,0,High
1440,49,Female,Bengaluru,Low,Engineer,Yes,8,Medium
1441,46,Male,Pune,Middle,Engineer,Yes,2,Medium
1442,25,Male,Pune,Middle,Doctor,Yes,9,Medium
1443,42,Male,Hyderabad,Middle,Freelancer,Yes,3,High
1444,57,Male,Ahmedabad,Middle,Doctor,Yes,1,Medium
1445,59,Male,Bengaluru,Low,Teacher,Yes,5,Low
1446,53,Male,Delhi,High,Analyst,Yes,1,Low
1447,22,Male,Ahmedabad,High,Manager,No,0,Medium
1448,35,Female,Kolkata,Middle,Business,Yes,8,Medium
1449,37,Male,Delhi,Middle,Teacher,No,0,Low
1450,52,Male,Kolkata,Middle,Designer,Yes,1,Medium
1451,62,Male,Ahmedabad,Low,Engineer,No,0,Medium
1452,57,Male,Hyderabad,High,Teacher,Yes,4,Medium
1453,23,Male,Hyderabad,Middle,Student,Yes,9,Medium
1454,22,Female,Hyderabad,Low,Doctor,Yes,5,Low
1455,26,Male,Mumbai,Middle,Doctor,No,0,Low
1456,52,Male,Ahmedabad,Low,Doctor,No,0,High
1457,41,Female,Chennai,Middle,Freelancer,Yes,4,Medium
1458,50,Female,Pune,Low,Engineer,Yes,7,Medium
1459,31,Female,Hyderabad,High,Engineer,No,0,Medium
1460,41,Male,Ahmedabad,Middle,Business,No,0,Low
1461,25,Female,Pune,Low,Engineer,No,0,Low
1462,21,Female,Kolkata,Low,Business,No,0,Medium
1463,20,Female,Delhi,Low,Freelancer,Yes,7,Medium
1464,40,Female,Pune,High,Teacher,No,0,High
1465,19,Female,Delhi,Low,Engineer,No,0,Medium
1466,53,Female,Kolkata,Middle,Freelancer,No,0,Medium
1467,34,Male,Pune,Low,Doctor,Yes,4,Low
1468,23,Female,Delhi,High,Doctor,No,0,Low
1469,41,Female,Chennai,Low,Doctor,Yes,10,Low
1470,29,Female,Ahmedabad,Middle,Freelancer,Yes,1,Medium
1471,31,Female,Mumbai,Middle,Business,No,0,Low
1472,29,Female,Bengaluru,Low,Teacher,No,0,Low
1473,58,Male,Mumbai,Low,Student,No,0,Medium
1474,29,Male,Hyderabad,Middle,Student,No,0,Medium
1475,63,Female,Delhi,High,Teacher,No,0,Low
1476,40,Male,Hyderabad,Low,Teacher,No,0,Low
1477,38,Male,Kolkata,Middle,Doctor,No,0,Medium
1478,27,Female,Chennai,Low,Business,No,0,Medium
1479,36,Male,Delhi,Middle,Engineer,Yes,1,Low
1480,56,Female,Hyderabad,Low,Designer,Yes,9,High
1481,55,Male,Mumbai,Low,Teacher,No,0,Medium
1482,54,Female,Mumbai,Middle,Freelancer,No,0,Medium
1483,21,Female,Pune,Middle,Teacher,No,0,Medium
1484,54,Female,Hyderabad,Low,Business,Yes,4,High
1485,38,Female,Chennai,Middle,Engineer,Yes,4,Medium
1486,40,Male,Ahmedabad,Middle,Designer,Yes,6,Medium
1487,32,Male,Kolkata,Middle,Manager,No,0,Low
1488,56,Female,Kolkata,Low,Freelancer,Yes,6,Low
1489,27,Male,Ahmedabad,Middle,Student,No,0,High
1490,28,Female,Mumbai,Low,Manager,Yes,9,Medium
1491,20,Male,Kolkata,High,Designer,Yes,3,High
1492,40,Female,Mumbai,Low,Analyst,No,0,Low
1493,39,Male,Mumbai,Middle,Analyst,No,0,High
1494,46,Female,Pune,High,Business,No,0,Medium
1495,62,Male,Bengaluru,Low,Student,Yes,10,High
1496,55,Female,Ahmedabad,Middle,Manager,No,0,Medium
1497,50,Female,Chennai,Middle,Student,Yes,2,Low
1498,54,Female,Pune,Middle,Analyst,No,0,Medium
1499,42,Male,Kolkata,Low,Freelancer,Yes,3,Low
1500,35,Female,Bengaluru,Middle,Engineer,No,0,Low
